Bezug,Artikelnummer,Name_Suche,Datum,erfüllt,Benutzer,Lichtart,BA-Nr.,L*,a*,b*,"ΔL* ±1,5","Δa* ±0,40","Δb* ±0,40",ΔE*
Bezug,Schwarz RR,Schwarz RR,13.10.1994 11:47,,,D45,,55,0,4,,,,
,100024,Artikel Omega,01.01.2025 16:29,erfüllt,Mitarbeiter D,D45,BA-1004,"55,66","-0,26","3,9","0,66","-0,26","-0,1","0,72"
,100016,Artikel Pi,01.01.2025 19:55,erfüllt,Mitarbeiter D,D45,BA-1004,"53,85","-0,23","3,77","-1,15","-0,23","-0,23","1,2"
,100014,Artikel Xi,01.01.2025 22:59,erfüllt,Mitarbeiter D,D45,BA-1003,"55,56","-0,24","4,28","0,56","-0,24","0,28","0,67"
,100022,Artikel Chi,02.01.2025 10:52,erfüllt,Mitarbeiter A,D45,BA-1002,"55,34","0,08","3,92","0,34","0,08","-0,08","0,36"
,100004,Artikel Delta,02.01.2025 18:00,erfüllt,Mitarbeiter B,D45,BA-1004,"53,75","-0,2","4,29","-1,25","-0,2","0,29","1,3"
,100010,Artikel Kappa,04.01.2025 08:40,nicht erfüllt,Mitarbeiter A,D45,BA-1003,"54,03","0,5","3,99","-0,97","0,5","-0,01","1,09"
,100017,Artikel Rho,05.01.2025 01:56,nicht erfüllt,Mitarbeiter A,D45,BA-1003,"55,34","-0,19","4,7","0,34","-0,19","0,7","0,8"
,100022,Artikel Chi,05.01.2025 02:38,nicht erfüllt,Mitarbeiter A,D45,BA-1001,"56,96","0,13","4,06","1,96","0,13","0,06","1,97"
,100010,Artikel Kappa,05.01.2025 22:36,erfüllt,Mitarbeiter B,D45,BA-1002,"54,74","-0,32","3,93","-0,26","-0,32","-0,07","0,42"
,100024,Artikel Omega,07.01.2025 13:16,erfüllt,Mitarbeiter A,D45,BA-1001,56,"0,03","3,94",1,"0,03","-0,06",1
,100005,Artikel Epsilon,09.01.2025 15:54,erfüllt,Mitarbeiter B,D45,BA-1004,"55,51","-0,16","3,96","0,51","-0,16","-0,04","0,54"
,100014,Artikel Xi,10.01.2025 13:14,erfüllt,Mitarbeiter C,D45,BA-1002,"54,08","0,33","4,23","-0,92","0,33","0,23",1
,100011,Artikel Lambda,12.01.2025 06:50,erfüllt,Mitarbeiter B,D45,BA-1001,"55,88","0,13","4,27","0,88","0,13","0,27","0,93"
,100004,Artikel Delta,12.01.2025 10:13,erfüllt,Mitarbeiter A,D45,BA-1001,"55,97","-0,3","4,28","0,97","-0,3","0,28","1,05"
,100012,Artikel Mu,13.01.2025 09:33,erfüllt,Mitarbeiter B,D45,BA-1003,"54,42","-0,04","3,7","-0,58","-0,04","-0,3","0,65"
,100018,Artikel Sigma,13.01.2025 19:12,erfüllt,Mitarbeiter A,D45,BA-1001,"54,87","-0,28","4,06","-0,13","-0,28","0,06","0,31"
,100001,Artikel Alpha,15.01.2025 04:32,erfüllt,Mitarbeiter C,D45,BA-1002,"55,98","0,06","4,31","0,98","0,06","0,31","1,03"
,100001,Artikel Alpha,15.01.2025 18:49,nicht erfüllt,Mitarbeiter D,D45,BA-1003,"55,96","0,25","4,6","0,96","0,25","0,6","1,16"
,100022,Artikel Chi,16.01.2025 14:21,erfüllt,Mitarbeiter C,D45,BA-1001,"54,86","-0,18","4,32","-0,14","-0,18","0,32","0,39"
,100016,Artikel Pi,17.01.2025 17:00,erfüllt,Mitarbeiter D,D45,BA-1004,"54,56","-0,14","4,31","-0,44","-0,14","0,31","0,56"
,100002,Artikel Beta,17.01.2025 18:06,nicht erfüllt,Mitarbeiter B,D45,BA-1004,"55,34","-0,49","4,06","0,34","-0,49","0,06","0,6"
,100024,Artikel Omega,18.01.2025 08:51,erfüllt,Mitarbeiter C,D45,BA-1001,"55,58","-0,06","4,06","0,58","-0,06","0,06","0,59"
,100001,Artikel Alpha,18.01.2025 14:38,erfüllt,Mitarbeiter C,D45,BA-1004,"55,45","0,09","3,88","0,45","0,09","-0,12","0,47"
,100025,Artikel Nova,19.01.2025 08:17,nicht erfüllt,Mitarbeiter A,D45,BA-1003,"54,33","-0,61","4,3","-0,67","-0,61","0,3","0,95"
,100005,Artikel Epsilon,19.01.2025 12:50,erfüllt,Mitarbeiter C,D45,BA-1003,"54,83","-0,01","4,09","-0,17","-0,01","0,09","0,19"
,100016,Artikel Pi,20.01.2025 02:06,erfüllt,Mitarbeiter B,D45,BA-1003,"53,88","0,23","3,7","-1,12","0,23","-0,3","1,18"
,100004,Artikel Delta,20.01.2025 17:24,erfüllt,Mitarbeiter A,D45,BA-1001,"54,71","-0,25","4,16","-0,29","-0,25","0,16","0,41"
,100016,Artikel Pi,21.01.2025 04:39,erfüllt,Mitarbeiter B,D45,BA-1002,"54,62","0,2","4,33","-0,38","0,2","0,33","0,54"
,100017,Artikel Rho,21.01.2025 14:31,nicht erfüllt,Mitarbeiter B,D45,BA-1003,"53,21","0,12","3,72","-1,79","0,12","-0,28","1,82"
,100012,Artikel Mu,22.01.2025 18:41,erfüllt,Mitarbeiter B,D45,BA-1001,"53,79","-0,34","4,13","-1,21","-0,34","0,13","1,26"
,100013,Artikel Nu,23.01.2025 05:08,erfüllt,Mitarbeiter C,D45,BA-1002,"54,02","-0,22","4,23","-0,98","-0,22","0,23","1,03"
,100007,Artikel Eta,23.01.2025 21:19,erfüllt,Mitarbeiter A,D45,BA-1004,"54,9","-0,17","4,29","-0,1","-0,17","0,29","0,35"
,100004,Artikel Delta,24.01.2025 01:21,erfüllt,Mitarbeiter B,D45,BA-1004,"54,7","0,21","3,72","-0,3","0,21","-0,28","0,46"
,100015,Artikel Omikron,24.01.2025 12:02,erfüllt,Mitarbeiter C,D45,BA-1003,"55,96","0,18","4,03","0,96","0,18","0,03","0,98"
,100009,Artikel Iota,25.01.2025 07:47,erfüllt,Mitarbeiter D,D45,BA-1001,"55,37","-0,14","4,29","0,37","-0,14","0,29","0,49"
,100018,Artikel Sigma,25.01.2025 16:56,erfüllt,Mitarbeiter A,D45,BA-1001,"55,98","0,12","3,87","0,98","0,12","-0,13",1
,100001,Artikel Alpha,26.01.2025 02:05,nicht erfüllt,Mitarbeiter D,D45,BA-1004,"57,18","0,02","3,72","2,18","0,02","-0,28","2,2"
,100018,Artikel Sigma,26.01.2025 08:29,erfüllt,Mitarbeiter A,D45,BA-1002,"55,5","-0,13","3,78","0,5","-0,13","-0,22","0,56"
,100023,Artikel Psi,26.01.2025 14:45,erfüllt,Mitarbeiter D,D45,BA-1003,"55,19","-0,18","3,69","0,19","-0,18","-0,31","0,41"
,100024,Artikel Omega,27.01.2025 08:48,erfüllt,Mitarbeiter D,D45,BA-1001,"54,2","0,01","3,76","-0,8","0,01","-0,24","0,84"
,100006,Artikel Zeta,28.01.2025 18:01,erfüllt,Mitarbeiter B,D45,BA-1001,"54,17","0,31","3,7","-0,83","0,31","-0,3","0,94"
,100009,Artikel Iota,28.01.2025 22:56,erfüllt,Mitarbeiter C,D45,BA-1003,"55,33","0,14","3,68","0,33","0,14","-0,32","0,48"
,100008,Artikel Theta,28.01.2025 23:39,erfüllt,Mitarbeiter A,D45,BA-1004,"54,79","0,19","3,91","-0,21","0,19","-0,09","0,3"
,100020,Artikel Upsilon,29.01.2025 00:15,nicht erfüllt,Mitarbeiter A,D45,BA-1001,"52,74","0,06","3,99","-2,26","0,06","-0,01","2,26"
,100010,Artikel Kappa,29.01.2025 07:22,nicht erfüllt,Mitarbeiter D,D45,BA-1003,"55,88","-0,19","3,4","0,88","-0,19","-0,6","1,08"
,100002,Artikel Beta,29.01.2025 17:20,erfüllt,Mitarbeiter B,D45,BA-1003,"54,37","0,28","3,94","-0,63","0,28","-0,06","0,69"
,100007,Artikel Eta,30.01.2025 12:18,erfüllt,Mitarbeiter A,D45,BA-1004,"54,85","0,23","3,94","-0,15","0,23","-0,06","0,28"
,100025,Artikel Nova,31.01.2025 14:21,nicht erfüllt,Mitarbeiter D,D45,BA-1004,"55,28","-0,65","4,08","0,28","-0,65","0,08","0,71"
,100008,Artikel Theta,01.02.2025 16:04,erfüllt,Mitarbeiter D,D45,BA-1001,56,"0,02","4,03",1,"0,02","0,03",1
,100017,Artikel Rho,01.02.2025 20:31,erfüllt,Mitarbeiter B,D45,BA-1001,"55,57","-0,25","4,31","0,57","-0,25","0,31","0,7"
,100010,Artikel Kappa,02.02.2025 00:29,erfüllt,Mitarbeiter C,D45,BA-1002,"55,95","-0,2","4,06","0,95","-0,2","0,06","0,97"
,100006,Artikel Zeta,02.02.2025 21:42,erfüllt,Mitarbeiter D,D45,BA-1003,"56,02","0,01","4,04","1,02","0,01","0,04","1,02"
,100001,Artikel Alpha,02.02.2025 23:58,erfüllt,Mitarbeiter A,D45,BA-1002,"54,07","0,29","4,03","-0,93","0,29","0,03","0,97"
,100006,Artikel Zeta,05.02.2025 05:07,erfüllt,Mitarbeiter C,D45,BA-1002,"56,08","0,14","4,07","1,08","0,14","0,07","1,09"
,100010,Artikel Kappa,05.02.2025 12:36,erfüllt,Mitarbeiter C,D45,BA-1002,"55,21","-0,13","3,75","0,21","-0,13","-0,25","0,35"
,100003,Artikel Gamma,05.02.2025 13:12,erfüllt,Mitarbeiter A,D45,BA-1004,"55,84","0,3",4,"0,84","0,3",0,"0,89"
,100012,Artikel Mu,06.02.2025 21:25,erfüllt,Mitarbeiter B,D45,BA-1002,"54,13","0,12","3,68","-0,87","0,12","-0,32","0,93"
,100019,Artikel Tau,06.02.2025 23:05,erfüllt,Mitarbeiter A,D45,BA-1002,"56,19","0,27","4,16","1,19","0,27","0,16","1,23"
,100016,Artikel Pi,07.02.2025 08:56,erfüllt,Mitarbeiter A,D45,BA-1003,"53,74","0,07","4,04","-1,26","0,07","0,04","1,26"
,100017,Artikel Rho,08.02.2025 15:21,erfüllt,Mitarbeiter C,D45,BA-1001,"54,53","0,13","4,29","-0,47","0,13","0,29","0,57"
,100006,Artikel Zeta,08.02.2025 17:24,erfüllt,Mitarbeiter A,D45,BA-1001,"55,03","-0,16","4,3","0,03","-0,16","0,3","0,34"
,100023,Artikel Psi,08.02.2025 19:00,erfüllt,Mitarbeiter B,D45,BA-1004,"54,7","0,12","3,82","-0,3","0,12","-0,18","0,37"
,100020,Artikel Upsilon,09.02.2025 14:08,erfüllt,Mitarbeiter A,D45,BA-1004,"53,81","-0,34","3,88","-1,19","-0,34","-0,12","1,24"
,100016,Artikel Pi,10.02.2025 11:57,erfüllt,Mitarbeiter C,D45,BA-1004,"54,89","0,06","3,86","-0,11","0,06","-0,14","0,19"
,100016,Artikel Pi,10.02.2025 22:09,erfüllt,Mitarbeiter B,D45,BA-1001,"55,43","-0,33","3,98","0,43","-0,33","-0,02","0,54"
,100022,Artikel Chi,11.02.2025 03:59,erfüllt,Mitarbeiter C,D45,BA-1003,"55,83","-0,29","4,31","0,83","-0,29","0,31","0,93"
,100008,Artikel Theta,11.02.2025 04:45,erfüllt,Mitarbeiter D,D45,BA-1003,"54,77","-0,29","4,13","-0,23","-0,29","0,13","0,39"
,100008,Artikel Theta,14.02.2025 01:01,erfüllt,Mitarbeiter A,D45,BA-1004,"54,76","-0,29","3,73","-0,24","-0,29","-0,27","0,46"
,100020,Artikel Upsilon,14.02.2025 18:50,erfüllt,Mitarbeiter C,D45,BA-1001,"56,24","-0,3","3,85","1,24","-0,3","-0,15","1,28"
,100001,Artikel Alpha,15.02.2025 08:06,nicht erfüllt,Mitarbeiter D,D45,BA-1004,"56,74","-0,12","4,2","1,74","-0,12","0,2","1,76"
,100008,Artikel Theta,16.02.2025 08:31,erfüllt,Mitarbeiter D,D45,BA-1001,"54,39","0,11","4,2","-0,61","0,11","0,2","0,65"
,100003,Artikel Gamma,17.02.2025 04:07,erfüllt,Mitarbeiter A,D45,BA-1004,"55,06","0,02","4,32","0,06","0,02","0,32","0,33"
,100022,Artikel Chi,17.02.2025 19:48,erfüllt,Mitarbeiter D,D45,BA-1004,"55,65","0,27","3,78","0,65","0,27","-0,22","0,74"
,100006,Artikel Zeta,19.02.2025 03:46,erfüllt,Mitarbeiter A,D45,BA-1004,"53,9","-0,02","4,14","-1,1","-0,02","0,14","1,11"
,100025,Artikel Nova,19.02.2025 06:16,erfüllt,Mitarbeiter A,D45,BA-1002,"55,74","-0,28","4,32","0,74","-0,28","0,32","0,85"
,100011,Artikel Lambda,19.02.2025 14:51,nicht erfüllt,Mitarbeiter A,D45,BA-1003,"55,98","-0,03","4,6","0,98","-0,03","0,6","1,15"
,100011,Artikel Lambda,19.02.2025 19:58,erfüllt,Mitarbeiter D,D45,BA-1004,"55,72","0,31","3,7","0,72","0,31","-0,3","0,84"
,100025,Artikel Nova,19.02.2025 21:18,erfüllt,Mitarbeiter D,D45,BA-1004,"54,24","-0,08","4,23","-0,76","-0,08","0,23","0,8"
,100008,Artikel Theta,20.02.2025 01:48,erfüllt,Mitarbeiter A,D45,BA-1002,"55,9","0,34","4,17","0,9","0,34","0,17","0,98"
,100012,Artikel Mu,20.02.2025 22:18,erfüllt,Mitarbeiter D,D45,BA-1003,"54,7","0,11","4,12","-0,3","0,11","0,12","0,34"
,100008,Artikel Theta,21.02.2025 11:28,erfüllt,Mitarbeiter C,D45,BA-1001,"54,26","0,08","3,93","-0,74","0,08","-0,07","0,75"
,100017,Artikel Rho,21.02.2025 14:55,erfüllt,Mitarbeiter C,D45,BA-1003,"55,33","-0,01","3,76","0,33","-0,01","-0,24","0,41"
,100001,Artikel Alpha,22.02.2025 01:21,erfüllt,Mitarbeiter B,D45,BA-1001,"54,84","0,3","4,12","-0,16","0,3","0,12","0,36"
,100022,Artikel Chi,22.02.2025 01:22,erfüllt,Mitarbeiter C,D45,BA-1002,"56,02","-0,27","3,66","1,02","-0,27","-0,34","1,11"
,100003,Artikel Gamma,22.02.2025 10:54,erfüllt,Mitarbeiter A,D45,BA-1002,"55,71","-0,28","3,82","0,71","-0,28","-0,18","0,78"
,100024,Artikel Omega,22.02.2025 14:46,erfüllt,Mitarbeiter D,D45,BA-1002,"54,72","-0,06","3,95","-0,28","-0,06","-0,05","0,29"
,100022,Artikel Chi,23.02.2025 02:52,erfüllt,Mitarbeiter A,D45,BA-1002,"54,23","-0,08","3,76","-0,77","-0,08","-0,24","0,81"
,100011,Artikel Lambda,24.02.2025 21:50,erfüllt,Mitarbeiter A,D45,BA-1003,"55,68","0,3","3,76","0,68","0,3","-0,24","0,78"
,100019,Artikel Tau,25.02.2025 13:24,erfüllt,Mitarbeiter C,D45,BA-1002,"54,4","0,15","4,02","-0,6","0,15","0,02","0,62"
,100004,Artikel Delta,25.02.2025 17:04,erfüllt,Mitarbeiter D,D45,BA-1001,"56,2","-0,29","4,13","1,2","-0,29","0,13","1,24"
,100025,Artikel Nova,26.02.2025 14:36,erfüllt,Mitarbeiter B,D45,BA-1003,"54,86","0,31","3,81","-0,14","0,31","-0,19","0,39"
,100004,Artikel Delta,26.02.2025 19:04,erfüllt,Mitarbeiter C,D45,BA-1002,"54,39","-0,3","4,15","-0,61","-0,3","0,15","0,7"
,100016,Artikel Pi,27.02.2025 03:59,nicht erfüllt,Mitarbeiter B,D45,BA-1003,"56,07","-0,59","3,95","1,07","-0,59","-0,05","1,22"
,100014,Artikel Xi,27.02.2025 08:55,erfüllt,Mitarbeiter B,D45,BA-1002,"54,05","-0,12","3,89","-0,95","-0,12","-0,11","0,96"
,100024,Artikel Omega,28.02.2025 12:17,erfüllt,Mitarbeiter C,D45,BA-1003,"55,51","-0,33","3,8","0,51","-0,33","-0,2","0,64"
,100020,Artikel Upsilon,28.02.2025 12:29,erfüllt,Mitarbeiter B,D45,BA-1001,"53,92","-0,15","3,73","-1,08","-0,15","-0,27","1,12"
,100015,Artikel Omikron,28.02.2025 20:10,erfüllt,Mitarbeiter C,D45,BA-1003,"54,37","0,31","4,25","-0,63","0,31","0,25","0,75"
,100014,Artikel Xi,01.03.2025 06:36,erfüllt,Mitarbeiter C,D45,BA-1002,"55,78","0,3","4,13","0,78","0,3","0,13","0,85"
,100012,Artikel Mu,01.03.2025 09:40,erfüllt,Mitarbeiter D,D45,BA-1002,"55,35","-0,07","3,9","0,35","-0,07","-0,1","0,37"
,100008,Artikel Theta,02.03.2025 19:09,erfüllt,Mitarbeiter D,D45,BA-1002,"56,13","-0,24","3,77","1,13","-0,24","-0,23","1,18"
,100021,Artikel Phi,03.03.2025 15:03,erfüllt,Mitarbeiter C,D45,BA-1004,"54,89","-0,07","4,07","-0,11","-0,07","0,07","0,15"
,100006,Artikel Zeta,04.03.2025 03:29,erfüllt,Mitarbeiter B,D45,BA-1002,"55,46","0,31","4,23","0,46","0,31","0,23","0,6"
,100004,Artikel Delta,05.03.2025 08:33,erfüllt,Mitarbeiter B,D45,BA-1002,"54,57","0,25","4,25","-0,43","0,25","0,25","0,56"
,100025,Artikel Nova,05.03.2025 17:19,erfüllt,Mitarbeiter B,D45,BA-1001,"56,07","0,12","3,68","1,07","0,12","-0,32","1,12"
,100012,Artikel Mu,06.03.2025 21:29,erfüllt,Mitarbeiter C,D45,BA-1003,"56,25","-0,04","4,01","1,25","-0,04","0,01","1,25"
,100001,Artikel Alpha,06.03.2025 23:01,nicht erfüllt,Mitarbeiter D,D45,BA-1001,"53,04","0,15","3,94","-1,96","0,15","-0,06","1,97"
,100017,Artikel Rho,07.03.2025 10:51,erfüllt,Mitarbeiter C,D45,BA-1002,"55,98","-0,09","4,31","0,98","-0,09","0,31","1,03"
,100008,Artikel Theta,08.03.2025 20:03,erfüllt,Mitarbeiter B,D45,BA-1001,"55,99",0,"3,84","0,99",0,"-0,16",1
,100020,Artikel Upsilon,10.03.2025 00:32,erfüllt,Mitarbeiter D,D45,BA-1004,"55,78","0,29","4,3","0,78","0,29","0,3","0,88"
,100020,Artikel Upsilon,10.03.2025 06:38,erfüllt,Mitarbeiter A,D45,BA-1002,"54,89","-0,24","4,14","-0,11","-0,24","0,14","0,3"
,100008,Artikel Theta,10.03.2025 10:30,erfüllt,Mitarbeiter B,D45,BA-1001,"55,07","0,18","4,23","0,07","0,18","0,23","0,3"
,100025,Artikel Nova,11.03.2025 02:05,erfüllt,Mitarbeiter C,D45,BA-1003,"55,06","0,26","3,82","0,06","0,26","-0,18","0,32"
,100015,Artikel Omikron,12.03.2025 14:55,erfüllt,Mitarbeiter A,D45,BA-1003,"54,7","0,02","3,67","-0,3","0,02","-0,33","0,45"
,100020,Artikel Upsilon,12.03.2025 22:13,erfüllt,Mitarbeiter D,D45,BA-1002,"55,63","0,14","4,32","0,63","0,14","0,32","0,72"
,100014,Artikel Xi,13.03.2025 12:59,erfüllt,Mitarbeiter B,D45,BA-1003,"55,47","0,02","4,06","0,47","0,02","0,06","0,47"
,100018,Artikel Sigma,13.03.2025 16:49,erfüllt,Mitarbeiter A,D45,BA-1001,"53,81","0,19","4,19","-1,19","0,19","0,19","1,22"
,100001,Artikel Alpha,14.03.2025 03:13,erfüllt,Mitarbeiter D,D45,BA-1003,"55,87","0,11","3,69","0,87","0,11","-0,31","0,93"
,100024,Artikel Omega,14.03.2025 14:07,erfüllt,Mitarbeiter D,D45,BA-1004,"55,6","0,02","3,73","0,6","0,02","-0,27","0,66"
,100013,Artikel Nu,14.03.2025 18:00,erfüllt,Mitarbeiter B,D45,BA-1003,"56,09","0,01","4,06","1,09","0,01","0,06","1,09"
,100001,Artikel Alpha,16.03.2025 00:14,erfüllt,Mitarbeiter C,D45,BA-1002,"53,89","0,01","3,83","-1,11","0,01","-0,17","1,12"
,100019,Artikel Tau,16.03.2025 03:42,erfüllt,Mitarbeiter A,D45,BA-1002,"55,51","0,12","3,91","0,51","0,12","-0,09","0,53"
,100003,Artikel Gamma,17.03.2025 12:08,erfüllt,Mitarbeiter D,D45,BA-1002,"56,04","-0,06","3,75","1,04","-0,06","-0,25","1,07"
,100009,Artikel Iota,18.03.2025 01:49,erfüllt,Mitarbeiter D,D45,BA-1003,"54,83","0,28","4,29","-0,17","0,28","0,29","0,44"
,100019,Artikel Tau,18.03.2025 20:04,erfüllt,Mitarbeiter C,D45,BA-1001,"55,66","0,12","4,13","0,66","0,12","0,13","0,68"
,100005,Artikel Epsilon,19.03.2025 06:12,erfüllt,Mitarbeiter D,D45,BA-1004,"53,78","0,2","3,99","-1,22","0,2","-0,01","1,24"
,100012,Artikel Mu,19.03.2025 13:59,nicht erfüllt,Mitarbeiter C,D45,BA-1003,"54,43","0,46","3,84","-0,57","0,46","-0,16","0,75"
,100018,Artikel Sigma,21.03.2025 16:29,erfüllt,Mitarbeiter A,D45,BA-1004,"54,85","0,05","3,88","-0,15","0,05","-0,12","0,2"
,100022,Artikel Chi,22.03.2025 13:02,erfüllt,Mitarbeiter D,D45,BA-1002,"54,08","0,23","3,68","-0,92","0,23","-0,32",1
,100022,Artikel Chi,22.03.2025 15:22,erfüllt,Mitarbeiter B,D45,BA-1003,"55,35","-0,07","3,75","0,35","-0,07","-0,25","0,44"
,100010,Artikel Kappa,23.03.2025 03:53,erfüllt,Mitarbeiter D,D45,BA-1003,"54,77","0,1","3,91","-0,23","0,1","-0,09","0,27"
,100011,Artikel Lambda,23.03.2025 06:16,erfüllt,Mitarbeiter B,D45,BA-1002,"54,82","-0,27","4,31","-0,18","-0,27","0,31","0,45"
,100024,Artikel Omega,23.03.2025 15:30,erfüllt,Mitarbeiter D,D45,BA-1002,"54,84","-0,16","4,25","-0,16","-0,16","0,25","0,34"
,100025,Artikel Nova,23.03.2025 21:33,erfüllt,Mitarbeiter C,D45,BA-1003,"54,72","-0,05","3,86","-0,28","-0,05","-0,14","0,32"
,100004,Artikel Delta,23.03.2025 22:08,erfüllt,Mitarbeiter A,D45,BA-1003,"54,17","-0,08","3,96","-0,83","-0,08","-0,04","0,83"
,100009,Artikel Iota,27.03.2025 03:45,erfüllt,Mitarbeiter B,D45,BA-1001,"55,69","-0,15","4,08","0,69","-0,15","0,08","0,71"
,100014,Artikel Xi,27.03.2025 06:53,erfüllt,Mitarbeiter D,D45,BA-1001,"55,17","-0,09","4,15","0,17","-0,09","0,15","0,24"
,100020,Artikel Upsilon,29.03.2025 19:30,erfüllt,Mitarbeiter D,D45,BA-1001,"56,26","0,21","3,83","1,26","0,21","-0,17","1,29"
,100023,Artikel Psi,29.03.2025 22:18,erfüllt,Mitarbeiter A,D45,BA-1003,"56,14","0,09","3,77","1,14","0,09","-0,23","1,17"
,100024,Artikel Omega,30.03.2025 01:18,erfüllt,Mitarbeiter C,D45,BA-1004,"54,91","0,15","3,71","-0,09","0,15","-0,29","0,34"
,100006,Artikel Zeta,30.03.2025 01:20,erfüllt,Mitarbeiter C,D45,BA-1002,"54,32","0,27","3,72","-0,68","0,27","-0,28","0,78"
,100005,Artikel Epsilon,30.03.2025 04:19,nicht erfüllt,Mitarbeiter A,D45,BA-1003,"54,86","0,12","3,3","-0,14","0,12","-0,7","0,72"
,100015,Artikel Omikron,30.03.2025 07:58,erfüllt,Mitarbeiter A,D45,BA-1004,"55,17","0,11","3,73","0,17","0,11","-0,27","0,34"
,100022,Artikel Chi,30.03.2025 13:05,erfüllt,Mitarbeiter B,D45,BA-1001,"55,53","-0,14","4,34","0,53","-0,14","0,34","0,65"
,100005,Artikel Epsilon,31.03.2025 17:05,erfüllt,Mitarbeiter B,D45,BA-1004,"54,35","-0,03","4,09","-0,65","-0,03","0,09","0,66"
,100008,Artikel Theta,31.03.2025 17:35,erfüllt,Mitarbeiter D,D45,BA-1004,"53,99","-0,13","3,78","-1,01","-0,13","-0,22","1,04"
,100012,Artikel Mu,01.04.2025 02:34,erfüllt,Mitarbeiter D,D45,BA-1001,"56,09","-0,33","3,91","1,09","-0,33","-0,09","1,14"
,100024,Artikel Omega,01.04.2025 11:54,erfüllt,Mitarbeiter C,D45,BA-1003,"55,21","0,16","3,91","0,21","0,16","-0,09","0,28"
,100021,Artikel Phi,02.04.2025 06:35,erfüllt,Mitarbeiter A,D45,BA-1002,"55,8","0,18","3,98","0,8","0,18","-0,02","0,82"
,100010,Artikel Kappa,04.04.2025 12:03,erfüllt,Mitarbeiter C,D45,BA-1002,"54,8","-0,31","4,2","-0,2","-0,31","0,2","0,42"
,100008,Artikel Theta,05.04.2025 08:07,nicht erfüllt,Mitarbeiter A,D45,BA-1001,"56,21","0,16","4,62","1,21","0,16","0,62","1,37"
,100001,Artikel Alpha,06.04.2025 02:20,erfüllt,Mitarbeiter C,D45,BA-1003,"55,95","-0,33","4,18","0,95","-0,33","0,18","1,02"
,100017,Artikel Rho,06.04.2025 11:33,erfüllt,Mitarbeiter D,D45,BA-1003,"54,81","-0,13","4,05","-0,19","-0,13","0,05","0,24"
,100013,Artikel Nu,06.04.2025 17:12,erfüllt,Mitarbeiter D,D45,BA-1002,"55,76","-0,2","3,76","0,76","-0,2","-0,24","0,82"
,100019,Artikel Tau,07.04.2025 04:53,erfüllt,Mitarbeiter B,D45,BA-1002,"53,91","0,06","3,69","-1,09","0,06","-0,31","1,13"
,100014,Artikel Xi,07.04.2025 15:52,erfüllt,Mitarbeiter C,D45,BA-1004,"54,52","0,1","4,08","-0,48","0,1","0,08","0,5"
,100008,Artikel Theta,07.04.2025 21:07,erfüllt,Mitarbeiter A,D45,BA-1003,"54,11","0,15","3,78","-0,89","0,15","-0,22","0,93"
,100008,Artikel Theta,08.04.2025 00:19,erfüllt,Mitarbeiter D,D45,BA-1004,"55,56","-0,02","3,93","0,56","-0,02","-0,07","0,56"
,100023,Artikel Psi,08.04.2025 11:50,erfüllt,Mitarbeiter C,D45,BA-1003,"55,21","-0,26","4,15","0,21","-0,26","0,15","0,37"
,100016,Artikel Pi,09.04.2025 08:16,erfüllt,Mitarbeiter B,D45,BA-1004,"56,11","0,22","4,3","1,11","0,22","0,3","1,17"
,100015,Artikel Omikron,09.04.2025 20:44,erfüllt,Mitarbeiter A,D45,BA-1003,"56,12","-0,05","4,29","1,12","-0,05","0,29","1,16"
,100025,Artikel Nova,10.04.2025 05:17,nicht erfüllt,Mitarbeiter C,D45,BA-1002,"53,27","-0,17","3,84","-1,73","-0,17","-0,16","1,75"
,100012,Artikel Mu,10.04.2025 05:22,erfüllt,Mitarbeiter D,D45,BA-1004,"54,48","-0,26","3,67","-0,52","-0,26","-0,33","0,67"
,100012,Artikel Mu,10.04.2025 23:22,erfüllt,Mitarbeiter B,D45,BA-1003,"55,31","-0,06","3,68","0,31","-0,06","-0,32","0,45"
,100018,Artikel Sigma,11.04.2025 03:31,erfüllt,Mitarbeiter C,D45,BA-1001,"54,69","0,28","3,91","-0,31","0,28","-0,09","0,43"
,100004,Artikel Delta,12.04.2025 05:00,erfüllt,Mitarbeiter A,D45,BA-1003,"55,32","-0,34","3,68","0,32","-0,34","-0,32","0,57"
,100002,Artikel Beta,12.04.2025 12:17,erfüllt,Mitarbeiter A,D45,BA-1004,54,"0,31","3,91",-1,"0,31","-0,09","1,05"
,100016,Artikel Pi,12.04.2025 15:02,erfüllt,Mitarbeiter C,D45,BA-1003,"54,1","-0,33","3,72","-0,9","-0,33","-0,28",1
,100001,Artikel Alpha,13.04.2025 04:16,erfüllt,Mitarbeiter C,D45,BA-1002,"56,1","-0,15","3,96","1,1","-0,15","-0,04","1,11"
,100004,Artikel Delta,13.04.2025 22:02,nicht erfüllt,Mitarbeiter A,D45,BA-1001,"53,95","0,25","4,66","-1,05","0,25","0,66","1,27"
,100022,Artikel Chi,14.04.2025 09:04,erfüllt,Mitarbeiter D,D45,BA-1004,"53,75","-0,24","4,04","-1,25","-0,24","0,04","1,27"
,100007,Artikel Eta,14.04.2025 12:53,erfüllt,Mitarbeiter D,D45,BA-1001,"54,52","0,24","4,1","-0,48","0,24","0,1","0,55"
,100012,Artikel Mu,15.04.2025 02:22,erfüllt,Mitarbeiter B,D45,BA-1001,"55,52","0,27","3,68","0,52","0,27","-0,32","0,67"
,100014,Artikel Xi,15.04.2025 15:37,erfüllt,Mitarbeiter A,D45,BA-1001,"55,19","0,3","3,93","0,19","0,3","-0,07","0,36"
,100022,Artikel Chi,16.04.2025 08:40,nicht erfüllt,Mitarbeiter A,D45,BA-1001,"55,33","0,2","3,26","0,33","0,2","-0,74","0,83"
,100002,Artikel Beta,16.04.2025 09:04,erfüllt,Mitarbeiter A,D45,BA-1001,"54,89","-0,1","4,05","-0,11","-0,1","0,05","0,16"
,100014,Artikel Xi,18.04.2025 03:28,erfüllt,Mitarbeiter B,D45,BA-1002,"54,28","0,15","3,79","-0,72","0,15","-0,21","0,76"
,100015,Artikel Omikron,18.04.2025 08:51,erfüllt,Mitarbeiter B,D45,BA-1001,"55,93","0,22","3,74","0,93","0,22","-0,26","0,99"
,100020,Artikel Upsilon,18.04.2025 09:46,erfüllt,Mitarbeiter D,D45,BA-1002,"54,44","-0,16","3,97","-0,56","-0,16","-0,03","0,58"
,100002,Artikel Beta,18.04.2025 19:26,erfüllt,Mitarbeiter A,D45,BA-1001,"54,1","0,08","3,92","-0,9","0,08","-0,08","0,91"
,100001,Artikel Alpha,19.04.2025 05:06,nicht erfüllt,Mitarbeiter D,D45,BA-1001,"57,03","0,07","3,66","2,03","0,07","-0,34","2,06"
,100012,Artikel Mu,19.04.2025 07:47,erfüllt,Mitarbeiter A,D45,BA-1004,"55,21","-0,31","4,01","0,21","-0,31","0,01","0,37"
,100004,Artikel Delta,19.04.2025 09:27,erfüllt,Mitarbeiter C,D45,BA-1002,"56,22","0,11","3,73","1,22","0,11","-0,27","1,25"
,100014,Artikel Xi,19.04.2025 16:38,erfüllt,Mitarbeiter B,D45,BA-1001,"54,32","-0,11","4,25","-0,68","-0,11","0,25","0,73"
,100012,Artikel Mu,20.04.2025 11:26,erfüllt,Mitarbeiter B,D45,BA-1004,"53,99","0,05","3,8","-1,01","0,05","-0,2","1,03"
,100009,Artikel Iota,21.04.2025 08:13,erfüllt,Mitarbeiter C,D45,BA-1001,"54,38","-0,05","4,17","-0,62","-0,05","0,17","0,64"
,100017,Artikel Rho,21.04.2025 15:10,erfüllt,Mitarbeiter B,D45,BA-1002,"55,59","-0,26",4,"0,59","-0,26",0,"0,64"
,100014,Artikel Xi,22.04.2025 04:36,erfüllt,Mitarbeiter B,D45,BA-1002,"56,19","0,31","4,18","1,19","0,31","0,18","1,24"
,100004,Artikel Delta,23.04.2025 01:23,erfüllt,Mitarbeiter B,D45,BA-1002,"54,19","-0,07","3,66","-0,81","-0,07","-0,34","0,88"
,100009,Artikel Iota,23.04.2025 13:09,erfüllt,Mitarbeiter A,D45,BA-1003,"54,6","-0,1","4,12","-0,4","-0,1","0,12","0,43"
,100007,Artikel Eta,24.04.2025 08:57,erfüllt,Mitarbeiter B,D45,BA-1002,"54,29","0,14","4,14","-0,71","0,14","0,14","0,74"
,100018,Artikel Sigma,24.04.2025 23:54,erfüllt,Mitarbeiter B,D45,BA-1003,"54,06","-0,12","4,16","-0,94","-0,12","0,16","0,96"
,100014,Artikel Xi,25.04.2025 08:16,erfüllt,Mitarbeiter A,D45,BA-1002,"54,83","0,21","3,82","-0,17","0,21","-0,18","0,32"
,100024,Artikel Omega,25.04.2025 10:41,erfüllt,Mitarbeiter C,D45,BA-1003,"55,03","-0,14","4,1","0,03","-0,14","0,1","0,17"
,100006,Artikel Zeta,25.04.2025 21:04,erfüllt,Mitarbeiter B,D45,BA-1003,"55,56","-0,09","3,94","0,56","-0,09","-0,06","0,57"
,100010,Artikel Kappa,27.04.2025 03:41,erfüllt,Mitarbeiter C,D45,BA-1004,"53,79","0,12","4,24","-1,21","0,12","0,24","1,24"
,100007,Artikel Eta,27.04.2025 10:17,erfüllt,Mitarbeiter B,D45,BA-1002,"55,96","0,13","4,18","0,96","0,13","0,18","0,99"
,100007,Artikel Eta,27.04.2025 11:14,erfüllt,Mitarbeiter C,D45,BA-1003,56,"-0,25","3,79",1,"-0,25","-0,21","1,05"
,100024,Artikel Omega,28.04.2025 12:27,erfüllt,Mitarbeiter A,D45,BA-1002,"55,6","-0,12","3,85","0,6","-0,12","-0,15","0,63"
,100013,Artikel Nu,29.04.2025 09:13,erfüllt,Mitarbeiter D,D45,BA-1001,"55,55","-0,25","3,76","0,55","-0,25","-0,24","0,65"
,100005,Artikel Epsilon,30.04.2025 03:12,nicht erfüllt,Mitarbeiter D,D45,BA-1004,"53,86","-0,78","4,02","-1,14","-0,78","0,02","1,38"
,100024,Artikel Omega,30.04.2025 06:09,erfüllt,Mitarbeiter A,D45,BA-1002,"56,1","-0,09","4,22","1,1","-0,09","0,22","1,13"
,100017,Artikel Rho,30.04.2025 19:48,erfüllt,Mitarbeiter A,D45,BA-1003,"54,15","-0,03","4,24","-0,85","-0,03","0,24","0,88"
,100021,Artikel Phi,01.05.2025 05:55,erfüllt,Mitarbeiter C,D45,BA-1002,"54,5","-0,34","3,66","-0,5","-0,34","-0,34","0,69"
,100011,Artikel Lambda,01.05.2025 15:36,erfüllt,Mitarbeiter A,D45,BA-1004,"55,48","-0,07","4,08","0,48","-0,07","0,08","0,49"
,100009,Artikel Iota,01.05.2025 23:44,erfüllt,Mitarbeiter A,D45,BA-1001,"54,47","-0,17","3,77","-0,53","-0,17","-0,23","0,6"
,100025,Artikel Nova,02.05.2025 17:59,erfüllt,Mitarbeiter A,D45,BA-1001,"53,94","-0,22","4,32","-1,06","-0,22","0,32","1,13"
,100004,Artikel Delta,04.05.2025 00:29,erfüllt,Mitarbeiter D,D45,BA-1004,"54,95","-0,24","4,08","-0,05","-0,24","0,08","0,26"
,100002,Artikel Beta,04.05.2025 11:24,nicht erfüllt,Mitarbeiter A,D45,BA-1002,"54,69","0,72","4,15","-0,31","0,72","0,15","0,8"
,100023,Artikel Psi,04.05.2025 22:46,erfüllt,Mitarbeiter A,D45,BA-1002,"54,64","0,13","3,84","-0,36","0,13","-0,16","0,41"
,100005,Artikel Epsilon,05.05.2025 15:42,nicht erfüllt,Mitarbeiter B,D45,BA-1003,"54,57","0,66","4,16","-0,43","0,66","0,16","0,8"
,100025,Artikel Nova,05.05.2025 17:53,erfüllt,Mitarbeiter D,D45,BA-1001,"54,11","0,01","3,82","-0,89","0,01","-0,18","0,91"
,100009,Artikel Iota,05.05.2025 19:13,nicht erfüllt,Mitarbeiter B,D45,BA-1002,"53,85","0,31","4,65","-1,15","0,31","0,65","1,36"
,100022,Artikel Chi,06.05.2025 06:28,erfüllt,Mitarbeiter A,D45,BA-1001,"55,09","0,11","3,89","0,09","0,11","-0,11","0,18"
,100005,Artikel Epsilon,07.05.2025 13:49,nicht erfüllt,Mitarbeiter A,D45,BA-1001,"54,77","-0,32","4,7","-0,23","-0,32","0,7","0,8"
,100020,Artikel Upsilon,07.05.2025 14:15,erfüllt,Mitarbeiter B,D45,BA-1001,"53,98","0,23","3,84","-1,02","0,23","-0,16","1,06"
,100006,Artikel Zeta,08.05.2025 23:09,erfüllt,Mitarbeiter D,D45,BA-1001,"54,22","0,04","3,88","-0,78","0,04","-0,12","0,79"
,100022,Artikel Chi,10.05.2025 00:54,erfüllt,Mitarbeiter B,D45,BA-1003,"55,04","0,1","4,26","0,04","0,1","0,26","0,28"
,100021,Artikel Phi,10.05.2025 18:31,erfüllt,Mitarbeiter C,D45,BA-1001,"55,21","-0,09","3,69","0,21","-0,09","-0,31","0,39"
,100005,Artikel Epsilon,11.05.2025 23:30,erfüllt,Mitarbeiter D,D45,BA-1002,"54,22","-0,3","4,28","-0,78","-0,3","0,28","0,88"
,100018,Artikel Sigma,13.05.2025 10:36,erfüllt,Mitarbeiter B,D45,BA-1004,"55,34","-0,33","3,68","0,34","-0,33","-0,32","0,57"
,100004,Artikel Delta,13.05.2025 17:01,erfüllt,Mitarbeiter A,D45,BA-1001,"55,6",0,"4,27","0,6",0,"0,27","0,66"
,100014,Artikel Xi,15.05.2025 06:27,erfüllt,Mitarbeiter D,D45,BA-1003,"55,86","0,02","3,88","0,86","0,02","-0,12","0,87"
,100013,Artikel Nu,16.05.2025 00:32,erfüllt,Mitarbeiter B,D45,BA-1001,"54,5","-0,08","3,77","-0,5","-0,08","-0,23","0,56"
,100002,Artikel Beta,16.05.2025 00:52,nicht erfüllt,Mitarbeiter B,D45,BA-1004,"53,89","-0,73","3,96","-1,11","-0,73","-0,04","1,33"
,100004,Artikel Delta,16.05.2025 17:41,erfüllt,Mitarbeiter C,D45,BA-1004,"55,36","0,2","4,12","0,36","0,2","0,12","0,43"
,100018,Artikel Sigma,16.05.2025 18:09,erfüllt,Mitarbeiter C,D45,BA-1001,"55,96","0,31","3,79","0,96","0,31","-0,21","1,03"
,100002,Artikel Beta,17.05.2025 03:52,erfüllt,Mitarbeiter D,D45,BA-1002,"54,98","-0,07","4,24","-0,02","-0,07","0,24","0,25"
,100013,Artikel Nu,17.05.2025 13:01,erfüllt,Mitarbeiter B,D45,BA-1004,"55,79","0,05","4,12","0,79","0,05","0,12","0,8"
,100007,Artikel Eta,17.05.2025 20:01,erfüllt,Mitarbeiter C,D45,BA-1003,"55,01","0,25","4,03","0,01","0,25","0,03","0,25"
,100010,Artikel Kappa,18.05.2025 02:11,erfüllt,Mitarbeiter D,D45,BA-1001,"55,32","-0,22","3,78","0,32","-0,22","-0,22","0,45"
,100018,Artikel Sigma,18.05.2025 06:29,erfüllt,Mitarbeiter B,D45,BA-1002,"56,2","0,18","4,09","1,2","0,18","0,09","1,22"
,100021,Artikel Phi,18.05.2025 08:58,erfüllt,Mitarbeiter C,D45,BA-1001,"55,02","0,18","3,85","0,02","0,18","-0,15","0,24"
,100006,Artikel Zeta,18.05.2025 22:16,erfüllt,Mitarbeiter C,D45,BA-1003,"54,85","0,07","4,13","-0,15","0,07","0,13","0,21"
,100023,Artikel Psi,18.05.2025 22:19,erfüllt,Mitarbeiter C,D45,BA-1001,"53,73","-0,25","4,06","-1,27","-0,25","0,06","1,3"
,100002,Artikel Beta,19.05.2025 06:31,erfüllt,Mitarbeiter C,D45,BA-1002,"53,91","-0,21","4,24","-1,09","-0,21","0,24","1,14"
,100015,Artikel Omikron,19.05.2025 12:37,nicht erfüllt,Mitarbeiter B,D45,BA-1003,"55,14","-0,56","3,92","0,14","-0,56","-0,08","0,58"
,100015,Artikel Omikron,19.05.2025 15:03,erfüllt,Mitarbeiter B,D45,BA-1004,"55,22","0,24","3,97","0,22","0,24","-0,03","0,33"
,100006,Artikel Zeta,19.05.2025 15:35,erfüllt,Mitarbeiter A,D45,BA-1001,"54,28","-0,12","4,11","-0,72","-0,12","0,11","0,74"
,100019,Artikel Tau,20.05.2025 09:59,erfüllt,Mitarbeiter D,D45,BA-1001,"54,99","0,16","3,75","-0,01","0,16","-0,25","0,3"
,100021,Artikel Phi,21.05.2025 22:44,nicht erfüllt,Mitarbeiter A,D45,BA-1002,"57,15","0,24","3,67","2,15","0,24","-0,33","2,19"
,100022,Artikel Chi,22.05.2025 09:58,erfüllt,Mitarbeiter D,D45,BA-1002,"55,3","0,2","3,76","0,3","0,2","-0,24","0,43"
,100006,Artikel Zeta,22.05.2025 11:25,nicht erfüllt,Mitarbeiter A,D45,BA-1001,"52,89","0,16","3,7","-2,11","0,16","-0,3","2,14"
,100019,Artikel Tau,22.05.2025 13:30,erfüllt,Mitarbeiter B,D45,BA-1004,"55,56","-0,22","3,71","0,56","-0,22","-0,29","0,67"
,100024,Artikel Omega,22.05.2025 18:09,erfüllt,Mitarbeiter B,D45,BA-1001,"55,32","-0,07","3,91","0,32","-0,07","-0,09","0,34"
,100006,Artikel Zeta,23.05.2025 02:33,erfüllt,Mitarbeiter C,D45,BA-1001,"54,6","-0,29",4,"-0,4","-0,29",0,"0,49"
,100012,Artikel Mu,23.05.2025 09:44,erfüllt,Mitarbeiter B,D45,BA-1001,"55,25","0,29","4,29","0,25","0,29","0,29","0,48"
,100019,Artikel Tau,25.05.2025 07:07,erfüllt,Mitarbeiter C,D45,BA-1004,"54,87","0,03","3,99","-0,13","0,03","-0,01","0,13"
,100011,Artikel Lambda,25.05.2025 18:54,erfüllt,Mitarbeiter D,D45,BA-1003,"55,33","0,11","4,01","0,33","0,11","0,01","0,35"
,100019,Artikel Tau,26.05.2025 00:56,erfüllt,Mitarbeiter D,D45,BA-1001,"55,04","-0,03","4,15","0,04","-0,03","0,15","0,16"
,100020,Artikel Upsilon,26.05.2025 14:37,erfüllt,Mitarbeiter C,D45,BA-1004,"54,82","-0,09","4,33","-0,18","-0,09","0,33","0,39"
,100004,Artikel Delta,27.05.2025 12:59,nicht erfüllt,Mitarbeiter C,D45,BA-1003,"57,13","0,07","4,1","2,13","0,07","0,1","2,13"
,100019,Artikel Tau,28.05.2025 04:10,erfüllt,Mitarbeiter B,D45,BA-1003,"55,92","-0,14","4,05","0,92","-0,14","0,05","0,93"
,100009,Artikel Iota,28.05.2025 20:52,erfüllt,Mitarbeiter A,D45,BA-1001,"54,35","0,09","4,15","-0,65","0,09","0,15","0,67"
,100019,Artikel Tau,28.05.2025 21:31,erfüllt,Mitarbeiter D,D45,BA-1003,"54,72","0,18","3,85","-0,28","0,18","-0,15","0,37"
,100004,Artikel Delta,29.05.2025 13:29,nicht erfüllt,Mitarbeiter B,D45,BA-1004,"53,92","-0,73","3,88","-1,08","-0,73","-0,12","1,31"
,100008,Artikel Theta,29.05.2025 16:00,erfüllt,Mitarbeiter D,D45,BA-1002,"54,5","-0,01","4,12","-0,5","-0,01","0,12","0,51"
,100003,Artikel Gamma,29.05.2025 22:52,erfüllt,Mitarbeiter B,D45,BA-1004,"55,03","0,27","3,85","0,03","0,27","-0,15","0,31"
,100020,Artikel Upsilon,30.05.2025 07:01,nicht erfüllt,Mitarbeiter C,D45,BA-1002,"52,89","-0,05","3,79","-2,11","-0,05","-0,21","2,12"
,100016,Artikel Pi,30.05.2025 13:23,nicht erfüllt,Mitarbeiter C,D45,BA-1001,"53,93","-0,65","4,21","-1,07","-0,65","0,21","1,27"
,100008,Artikel Theta,30.05.2025 21:20,erfüllt,Mitarbeiter C,D45,BA-1002,"53,75","0,2","4,07","-1,25","0,2","0,07","1,27"
,100010,Artikel Kappa,31.05.2025 14:18,erfüllt,Mitarbeiter C,D45,BA-1001,"55,61","-0,11","4,21","0,61","-0,11","0,21","0,65"
,100013,Artikel Nu,01.06.2025 04:20,erfüllt,Mitarbeiter B,D45,BA-1001,"54,29","-0,14","3,77","-0,71","-0,14","-0,23","0,76"
,100003,Artikel Gamma,01.06.2025 23:15,nicht erfüllt,Mitarbeiter A,D45,BA-1003,"55,18","-0,17","3,52","0,18","-0,17","-0,48","0,54"
,100022,Artikel Chi,02.06.2025 02:35,nicht erfüllt,Mitarbeiter B,D45,BA-1003,"56,07","-0,19","4,47","1,07","-0,19","0,47","1,18"
,100010,Artikel Kappa,02.06.2025 08:39,erfüllt,Mitarbeiter D,D45,BA-1001,"54,53","0,13","4,09","-0,47","0,13","0,09","0,5"
,100023,Artikel Psi,03.06.2025 02:21,erfüllt,Mitarbeiter B,D45,BA-1001,"54,59","-0,27","3,86","-0,41","-0,27","-0,14","0,51"
,100021,Artikel Phi,03.06.2025 05:14,erfüllt,Mitarbeiter B,D45,BA-1003,"56,25","-0,33","4,05","1,25","-0,33","0,05","1,29"
,100007,Artikel Eta,03.06.2025 22:28,nicht erfüllt,Mitarbeiter D,D45,BA-1001,"55,25","0,58","4,22","0,25","0,58","0,22","0,67"
,100025,Artikel Nova,04.06.2025 04:31,nicht erfüllt,Mitarbeiter C,D45,BA-1004,"53,22","-0,1","4,06","-1,78","-0,1","0,06","1,78"
,100005,Artikel Epsilon,04.06.2025 17:14,erfüllt,Mitarbeiter C,D45,BA-1003,"54,55","-0,33","3,8","-0,45","-0,33","-0,2","0,59"
,100017,Artikel Rho,04.06.2025 19:00,erfüllt,Mitarbeiter C,D45,BA-1004,"55,04","0,05","3,85","0,04","0,05","-0,15","0,16"
,100014,Artikel Xi,06.06.2025 18:53,erfüllt,Mitarbeiter C,D45,BA-1003,"54,25","0,15","4,33","-0,75","0,15","0,33","0,83"
,100013,Artikel Nu,08.06.2025 03:27,erfüllt,Mitarbeiter D,D45,BA-1003,"53,81","-0,2","3,75","-1,19","-0,2","-0,25","1,23"
,100019,Artikel Tau,08.06.2025 14:01,erfüllt,Mitarbeiter C,D45,BA-1004,"54,12","-0,2","4,27","-0,88","-0,2","0,27","0,94"
,100002,Artikel Beta,09.06.2025 03:07,nicht erfüllt,Mitarbeiter A,D45,BA-1002,"57,13","-0,28","3,91","2,13","-0,28","-0,09","2,15"
,100002,Artikel Beta,10.06.2025 20:10,nicht erfüllt,Mitarbeiter A,D45,BA-1004,"55,09","-0,05","3,39","0,09","-0,05","-0,61","0,62"
,100004,Artikel Delta,10.06.2025 20:35,erfüllt,Mitarbeiter D,D45,BA-1003,"54,93","0,03","3,95","-0,07","0,03","-0,05","0,09"
,100003,Artikel Gamma,11.06.2025 10:08,erfüllt,Mitarbeiter B,D45,BA-1003,"55,64","-0,27","4,13","0,64","-0,27","0,13","0,71"
,100022,Artikel Chi,12.06.2025 05:28,erfüllt,Mitarbeiter D,D45,BA-1001,"55,14","-0,3","4,21","0,14","-0,3","0,21","0,39"
,100010,Artikel Kappa,12.06.2025 11:56,erfüllt,Mitarbeiter A,D45,BA-1002,"55,82",0,"3,89","0,82",0,"-0,11","0,83"
,100015,Artikel Omikron,14.06.2025 03:43,erfüllt,Mitarbeiter D,D45,BA-1004,"55,64","-0,17","3,97","0,64","-0,17","-0,03","0,66"
,100006,Artikel Zeta,14.06.2025 08:53,erfüllt,Mitarbeiter B,D45,BA-1001,"55,61","0,16","3,7","0,61","0,16","-0,3","0,7"
,100019,Artikel Tau,15.06.2025 08:01,erfüllt,Mitarbeiter C,D45,BA-1002,"55,84","-0,12","4,02","0,84","-0,12","0,02","0,85"
,100006,Artikel Zeta,16.06.2025 20:33,erfüllt,Mitarbeiter B,D45,BA-1002,"54,82","-0,32","3,72","-0,18","-0,32","-0,28","0,46"
,100019,Artikel Tau,17.06.2025 06:09,erfüllt,Mitarbeiter C,D45,BA-1003,"54,11","-0,03",4,"-0,89","-0,03",0,"0,89"
,100013,Artikel Nu,17.06.2025 14:54,erfüllt,Mitarbeiter D,D45,BA-1001,"54,37","0,19","3,77","-0,63","0,19","-0,23","0,7"
,100013,Artikel Nu,17.06.2025 21:45,nicht erfüllt,Mitarbeiter D,D45,BA-1001,"54,84","-0,05","3,39","-0,16","-0,05","-0,61","0,63"
,100022,Artikel Chi,18.06.2025 00:29,erfüllt,Mitarbeiter D,D45,BA-1003,"54,51","0,3","4,17","-0,49","0,3","0,17","0,6"
,100007,Artikel Eta,18.06.2025 03:13,erfüllt,Mitarbeiter D,D45,BA-1001,"55,98","0,2","4,13","0,98","0,2","0,13","1,01"
,100002,Artikel Beta,19.06.2025 07:07,nicht erfüllt,Mitarbeiter B,D45,BA-1002,"57,25","-0,32","4,18","2,25","-0,32","0,18","2,28"
,100018,Artikel Sigma,19.06.2025 09:22,erfüllt,Mitarbeiter D,D45,BA-1003,"54,89","0,2","4,15","-0,11","0,2","0,15","0,27"
,100007,Artikel Eta,23.06.2025 17:03,erfüllt,Mitarbeiter C,D45,BA-1001,"55,93","-0,04","3,93","0,93","-0,04","-0,07","0,93"
,100014,Artikel Xi,25.06.2025 05:28,erfüllt,Mitarbeiter C,D45,BA-1002,"54,89","-0,05","4,06","-0,11","-0,05","0,06","0,13"
,100010,Artikel Kappa,25.06.2025 06:24,erfüllt,Mitarbeiter C,D45,BA-1003,"54,96","-0,15","4,01","-0,04","-0,15","0,01","0,16"
,100021,Artikel Phi,26.06.2025 10:57,erfüllt,Mitarbeiter B,D45,BA-1001,"55,35","-0,13","3,85","0,35","-0,13","-0,15","0,4"
,100008,Artikel Theta,26.06.2025 12:07,erfüllt,Mitarbeiter C,D45,BA-1004,"53,76","-0,19","3,74","-1,24","-0,19","-0,26","1,28"
,100003,Artikel Gamma,26.06.2025 16:58,nicht erfüllt,Mitarbeiter B,D45,BA-1003,"54,66","0,58","3,78","-0,34","0,58","-0,22","0,71"
,100022,Artikel Chi,27.06.2025 04:15,erfüllt,Mitarbeiter D,D45,BA-1002,"54,4","0,1","4,21","-0,6","0,1","0,21","0,64"
,100021,Artikel Phi,27.06.2025 10:46,erfüllt,Mitarbeiter D,D45,BA-1002,"53,9","0,12","3,83","-1,1","0,12","-0,17","1,12"
,100002,Artikel Beta,27.06.2025 12:16,nicht erfüllt,Mitarbeiter B,D45,BA-1003,"54,51","-0,75","4,1","-0,49","-0,75","0,1","0,9"
,100012,Artikel Mu,27.06.2025 15:00,erfüllt,Mitarbeiter C,D45,BA-1001,"55,08","-0,03","3,85","0,08","-0,03","-0,15","0,17"
,100016,Artikel Pi,30.06.2025 08:21,erfüllt,Mitarbeiter B,D45,BA-1004,"55,99","0,33","4,09","0,99","0,33","0,09","1,05"
,100013,Artikel Nu,01.07.2025 07:21,erfüllt,Mitarbeiter D,D45,BA-1001,"54,39","-0,14","3,82","-0,61","-0,14","-0,18","0,65"
,100013,Artikel Nu,01.07.2025 19:29,erfüllt,Mitarbeiter B,D45,BA-1001,"55,54","0,1","3,89","0,54","0,1","-0,11","0,56"
,100013,Artikel Nu,01.07.2025 20:28,erfüllt,Mitarbeiter A,D45,BA-1001,"56,09","-0,17","4,18","1,09","-0,17","0,18","1,12"
,100017,Artikel Rho,02.07.2025 09:12,erfüllt,Mitarbeiter C,D45,BA-1004,"54,19","0,3","4,32","-0,81","0,3","0,32","0,92"
,100001,Artikel Alpha,02.07.2025 16:51,nicht erfüllt,Mitarbeiter A,D45,BA-1001,"57,09","0,09","3,68","2,09","0,09","-0,32","2,12"
,100003,Artikel Gamma,04.07.2025 16:29,erfüllt,Mitarbeiter C,D45,BA-1004,"53,86","0,31","4,25","-1,14","0,31","0,25","1,21"
,100023,Artikel Psi,05.07.2025 05:55,erfüllt,Mitarbeiter C,D45,BA-1003,"55,51","0,17","4,02","0,51","0,17","0,02","0,54"
,100016,Artikel Pi,05.07.2025 14:26,erfüllt,Mitarbeiter B,D45,BA-1004,"55,84","0,31","4,24","0,84","0,31","0,24","0,93"
,100025,Artikel Nova,05.07.2025 23:05,nicht erfüllt,Mitarbeiter C,D45,BA-1002,"55,85","-0,01","3,31","0,85","-0,01","-0,69","1,09"
,100008,Artikel Theta,06.07.2025 10:24,nicht erfüllt,Mitarbeiter D,D45,BA-1002,"56,2","-0,53","4,22","1,2","-0,53","0,22","1,33"
,100020,Artikel Upsilon,06.07.2025 17:10,erfüllt,Mitarbeiter B,D45,BA-1004,"55,44","-0,05","4,05","0,44","-0,05","0,05","0,45"
,100009,Artikel Iota,07.07.2025 19:24,nicht erfüllt,Mitarbeiter A,D45,BA-1003,"57,11","-0,21","4,26","2,11","-0,21","0,26","2,14"
,100023,Artikel Psi,08.07.2025 01:31,erfüllt,Mitarbeiter D,D45,BA-1002,"56,18","-0,03","3,97","1,18","-0,03","-0,03","1,18"
,100020,Artikel Upsilon,08.07.2025 14:25,erfüllt,Mitarbeiter A,D45,BA-1002,"56,02","0,02","4,27","1,02","0,02","0,27","1,06"
,100021,Artikel Phi,08.07.2025 19:05,erfüllt,Mitarbeiter B,D45,BA-1004,"55,58","-0,09","4,21","0,58","-0,09","0,21","0,62"
,100008,Artikel Theta,09.07.2025 06:22,erfüllt,Mitarbeiter B,D45,BA-1002,"55,56","0,13","4,1","0,56","0,13","0,1","0,58"
,100019,Artikel Tau,09.07.2025 20:47,erfüllt,Mitarbeiter D,D45,BA-1002,"54,28","-0,06","4,01","-0,72","-0,06","0,01","0,72"
,100005,Artikel Epsilon,11.07.2025 04:44,erfüllt,Mitarbeiter D,D45,BA-1001,"55,1","-0,07","4,03","0,1","-0,07","0,03","0,13"
,100001,Artikel Alpha,11.07.2025 23:50,erfüllt,Mitarbeiter C,D45,BA-1002,"53,9","-0,16","3,89","-1,1","-0,16","-0,11","1,12"
,100002,Artikel Beta,12.07.2025 09:18,nicht erfüllt,Mitarbeiter B,D45,BA-1001,"55,97","0,05","3,29","0,97","0,05","-0,71","1,2"
,100020,Artikel Upsilon,12.07.2025 23:05,nicht erfüllt,Mitarbeiter D,D45,BA-1001,"55,33","-0,17","3,36","0,33","-0,17","-0,64","0,74"
,100016,Artikel Pi,13.07.2025 18:49,erfüllt,Mitarbeiter D,D45,BA-1002,"55,73","-0,18","3,82","0,73","-0,18","-0,18","0,77"
,100024,Artikel Omega,15.07.2025 10:54,erfüllt,Mitarbeiter C,D45,BA-1004,"55,88","0,24","4,24","0,88","0,24","0,24","0,94"
,100010,Artikel Kappa,15.07.2025 13:31,erfüllt,Mitarbeiter A,D45,BA-1002,"55,9","-0,09","3,82","0,9","-0,09","-0,18","0,92"
,100003,Artikel Gamma,15.07.2025 18:28,erfüllt,Mitarbeiter B,D45,BA-1002,"56,17","0,06","4,31","1,17","0,06","0,31","1,21"
,100005,Artikel Epsilon,15.07.2025 18:33,erfüllt,Mitarbeiter A,D45,BA-1002,"55,04","0,02","3,96","0,04","0,02","-0,04","0,06"
,100015,Artikel Omikron,16.07.2025 01:45,erfüllt,Mitarbeiter A,D45,BA-1003,"54,93","-0,11","4,24","-0,07","-0,11","0,24","0,27"
,100021,Artikel Phi,16.07.2025 04:13,erfüllt,Mitarbeiter A,D45,BA-1001,"56,18","0,33","4,05","1,18","0,33","0,05","1,23"
,100008,Artikel Theta,16.07.2025 14:06,erfüllt,Mitarbeiter C,D45,BA-1002,"53,73","-0,27","4,05","-1,27","-0,27","0,05","1,3"
,100022,Artikel Chi,18.07.2025 17:51,erfüllt,Mitarbeiter B,D45,BA-1004,"56,16","0,01","3,84","1,16","0,01","-0,16","1,17"
,100021,Artikel Phi,19.07.2025 03:21,erfüllt,Mitarbeiter B,D45,BA-1002,"54,09","0,01","4,22","-0,91","0,01","0,22","0,94"
,100014,Artikel Xi,19.07.2025 20:36,nicht erfüllt,Mitarbeiter D,D45,BA-1003,"55,77","0,01","3,54","0,77","0,01","-0,46","0,9"
,100007,Artikel Eta,20.07.2025 05:05,erfüllt,Mitarbeiter A,D45,BA-1001,"53,86","-0,21","3,67","-1,14","-0,21","-0,33","1,21"
,100023,Artikel Psi,20.07.2025 13:24,erfüllt,Mitarbeiter B,D45,BA-1001,"54,91","-0,33","3,73","-0,09","-0,33","-0,27","0,44"
,100024,Artikel Omega,21.07.2025 05:48,erfüllt,Mitarbeiter B,D45,BA-1002,"55,19","0,25","3,75","0,19","0,25","-0,25","0,4"
,100015,Artikel Omikron,21.07.2025 10:56,erfüllt,Mitarbeiter C,D45,BA-1003,54,"0,29","4,17",-1,"0,29","0,17","1,05"
,100013,Artikel Nu,22.07.2025 15:26,erfüllt,Mitarbeiter C,D45,BA-1001,"55,78","-0,1","4,09","0,78","-0,1","0,09","0,79"
,100022,Artikel Chi,22.07.2025 16:28,erfüllt,Mitarbeiter A,D45,BA-1004,"54,15","-0,14","3,95","-0,85","-0,14","-0,05","0,86"
,100012,Artikel Mu,23.07.2025 12:06,erfüllt,Mitarbeiter B,D45,BA-1002,"54,51","0,15","3,84","-0,49","0,15","-0,16","0,54"
,100005,Artikel Epsilon,24.07.2025 18:18,erfüllt,Mitarbeiter A,D45,BA-1003,"55,48","0,18","3,78","0,48","0,18","-0,22","0,56"
,100002,Artikel Beta,24.07.2025 18:49,nicht erfüllt,Mitarbeiter D,D45,BA-1002,"55,36","0,45","4,03","0,36","0,45","0,03","0,58"
,100004,Artikel Delta,24.07.2025 21:38,erfüllt,Mitarbeiter C,D45,BA-1004,"55,88","0,23","3,68","0,88","0,23","-0,32","0,96"
,100007,Artikel Eta,25.07.2025 09:45,erfüllt,Mitarbeiter B,D45,BA-1002,"53,72",0,"4,32","-1,28",0,"0,32","1,32"
,100012,Artikel Mu,28.07.2025 01:41,erfüllt,Mitarbeiter C,D45,BA-1004,"56,21","0,1","4,17","1,21","0,1","0,17","1,23"
,100008,Artikel Theta,28.07.2025 05:29,erfüllt,Mitarbeiter A,D45,BA-1001,"54,8","-0,15","3,9","-0,2","-0,15","-0,1","0,27"
,100020,Artikel Upsilon,28.07.2025 08:34,erfüllt,Mitarbeiter A,D45,BA-1004,"55,3","-0,06","4,16","0,3","-0,06","0,16","0,35"
,100020,Artikel Upsilon,28.07.2025 10:19,erfüllt,Mitarbeiter A,D45,BA-1003,"54,11","0,06","3,99","-0,89","0,06","-0,01","0,89"
,100007,Artikel Eta,28.07.2025 14:23,erfüllt,Mitarbeiter A,D45,BA-1004,"53,75","0,32","4,22","-1,25","0,32","0,22","1,31"
,100011,Artikel Lambda,29.07.2025 14:04,erfüllt,Mitarbeiter C,D45,BA-1002,"55,28","0,33","4,11","0,28","0,33","0,11","0,45"
,100021,Artikel Phi,29.07.2025 22:02,nicht erfüllt,Mitarbeiter C,D45,BA-1001,"56,07","-0,58","3,97","1,07","-0,58","-0,03","1,22"
,100019,Artikel Tau,29.07.2025 23:14,erfüllt,Mitarbeiter C,D45,BA-1002,"53,74","0,21","4,34","-1,26","0,21","0,34","1,32"
,100025,Artikel Nova,30.07.2025 02:08,erfüllt,Mitarbeiter C,D45,BA-1001,"55,87","-0,31","3,8","0,87","-0,31","-0,2","0,94"
,100011,Artikel Lambda,30.07.2025 10:16,erfüllt,Mitarbeiter C,D45,BA-1002,"55,37","-0,33","4,11","0,37","-0,33","0,11","0,51"
,100003,Artikel Gamma,31.07.2025 03:36,erfüllt,Mitarbeiter D,D45,BA-1004,"54,56","0,31","4,28","-0,44","0,31","0,28","0,61"
,100016,Artikel Pi,31.07.2025 14:32,erfüllt,Mitarbeiter B,D45,BA-1002,"53,87","0,33","3,99","-1,13","0,33","-0,01","1,18"
,100012,Artikel Mu,01.08.2025 06:39,erfüllt,Mitarbeiter A,D45,BA-1004,"55,51","-0,32","4,32","0,51","-0,32","0,32","0,68"
,100011,Artikel Lambda,01.08.2025 08:02,erfüllt,Mitarbeiter C,D45,BA-1004,"55,54","-0,18","4,23","0,54","-0,18","0,23","0,61"
,100015,Artikel Omikron,02.08.2025 12:53,erfüllt,Mitarbeiter A,D45,BA-1003,"53,72","0,21","3,72","-1,28","0,21","-0,28","1,33"
,100019,Artikel Tau,03.08.2025 12:54,erfüllt,Mitarbeiter B,D45,BA-1002,"55,86","0,15","3,67","0,86","0,15","-0,33","0,93"
,100025,Artikel Nova,03.08.2025 23:55,erfüllt,Mitarbeiter B,D45,BA-1003,"56,25","0,16","3,95","1,25","0,16","-0,05","1,26"
,100010,Artikel Kappa,04.08.2025 06:47,erfüllt,Mitarbeiter D,D45,BA-1001,"55,8","-0,09","4,18","0,8","-0,09","0,18","0,82"
,100016,Artikel Pi,05.08.2025 21:00,erfüllt,Mitarbeiter C,D45,BA-1002,"54,79","-0,11","4,01","-0,21","-0,11","0,01","0,24"
,100004,Artikel Delta,06.08.2025 18:10,nicht erfüllt,Mitarbeiter C,D45,BA-1002,"53,4","-0,08","4,02","-1,6","-0,08","0,02","1,6"
,100023,Artikel Psi,07.08.2025 00:25,erfüllt,Mitarbeiter A,D45,BA-1004,"54,03","-0,2","4,25","-0,97","-0,2","0,25","1,02"
,100014,Artikel Xi,07.08.2025 02:51,erfüllt,Mitarbeiter B,D45,BA-1004,"55,95","-0,14","4,2","0,95","-0,14","0,2","0,98"
,100003,Artikel Gamma,07.08.2025 11:58,erfüllt,Mitarbeiter A,D45,BA-1003,"55,73","-0,09","3,86","0,73","-0,09","-0,14","0,75"
,100008,Artikel Theta,07.08.2025 15:32,erfüllt,Mitarbeiter A,D45,BA-1003,"55,52","0,32","4,05","0,52","0,32","0,05","0,61"
,100005,Artikel Epsilon,07.08.2025 17:38,erfüllt,Mitarbeiter C,D45,BA-1002,"54,28","-0,32","3,93","-0,72","-0,32","-0,07","0,79"
,100004,Artikel Delta,08.08.2025 09:54,nicht erfüllt,Mitarbeiter C,D45,BA-1002,"53,83","0,15","4,78","-1,17","0,15","0,78","1,41"
,100008,Artikel Theta,08.08.2025 15:37,erfüllt,Mitarbeiter C,D45,BA-1002,"54,79","0,02","4,1","-0,21","0,02","0,1","0,23"
,100010,Artikel Kappa,08.08.2025 23:09,erfüllt,Mitarbeiter B,D45,BA-1004,"55,98","0,06","4,12","0,98","0,06","0,12","0,99"
,100012,Artikel Mu,09.08.2025 19:46,erfüllt,Mitarbeiter C,D45,BA-1004,"55,16","0,02","4,24","0,16","0,02","0,24","0,29"
,100017,Artikel Rho,09.08.2025 21:27,erfüllt,Mitarbeiter C,D45,BA-1001,"55,39","0,03","3,81","0,39","0,03","-0,19","0,43"
,100012,Artikel Mu,10.08.2025 11:42,erfüllt,Mitarbeiter A,D45,BA-1004,"53,98","-0,23","3,98","-1,02","-0,23","-0,02","1,05"
,100011,Artikel Lambda,12.08.2025 03:29,erfüllt,Mitarbeiter A,D45,BA-1004,"54,73","-0,32","3,93","-0,27","-0,32","-0,07","0,42"
,100017,Artikel Rho,12.08.2025 07:10,erfüllt,Mitarbeiter C,D45,BA-1003,"55,88","0,07","4,25","0,88","0,07","0,25","0,92"
,100012,Artikel Mu,12.08.2025 15:52,erfüllt,Mitarbeiter A,D45,BA-1002,"55,44","0,04","4,21","0,44","0,04","0,21","0,49"
,100007,Artikel Eta,13.08.2025 13:33,erfüllt,Mitarbeiter B,D45,BA-1004,"53,79","0,12","4,28","-1,21","0,12","0,28","1,25"
,100025,Artikel Nova,13.08.2025 16:07,erfüllt,Mitarbeiter C,D45,BA-1002,"55,2","0,26","3,73","0,2","0,26","-0,27","0,42"
,100009,Artikel Iota,14.08.2025 08:49,erfüllt,Mitarbeiter B,D45,BA-1004,"56,22","0,09","3,94","1,22","0,09","-0,06","1,22"
,100006,Artikel Zeta,15.08.2025 03:20,erfüllt,Mitarbeiter C,D45,BA-1001,"54,43","-0,14","3,95","-0,57","-0,14","-0,05","0,59"
,100018,Artikel Sigma,15.08.2025 19:28,erfüllt,Mitarbeiter B,D45,BA-1001,"55,86","0,15","3,88","0,86","0,15","-0,12","0,88"
,100025,Artikel Nova,17.08.2025 08:28,erfüllt,Mitarbeiter B,D45,BA-1002,"54,66","0,18","3,98","-0,34","0,18","-0,02","0,39"
,100008,Artikel Theta,17.08.2025 22:34,erfüllt,Mitarbeiter D,D45,BA-1002,"55,65",0,"4,19","0,65",0,"0,19","0,68"
,100014,Artikel Xi,18.08.2025 02:37,erfüllt,Mitarbeiter D,D45,BA-1001,"55,33","-0,21","4,23","0,33","-0,21","0,23","0,45"
,100024,Artikel Omega,18.08.2025 12:55,erfüllt,Mitarbeiter A,D45,BA-1001,"54,19","0,16","3,87","-0,81","0,16","-0,13","0,84"
,100009,Artikel Iota,18.08.2025 14:02,erfüllt,Mitarbeiter B,D45,BA-1003,"55,3","0,15","3,77","0,3","0,15","-0,23","0,41"
,100025,Artikel Nova,19.08.2025 00:10,erfüllt,Mitarbeiter C,D45,BA-1002,"55,76","0,27","4,17","0,76","0,27","0,17","0,82"
,100014,Artikel Xi,19.08.2025 13:46,erfüllt,Mitarbeiter D,D45,BA-1004,"55,94","0,21","3,96","0,94","0,21","-0,04","0,96"
,100018,Artikel Sigma,19.08.2025 19:40,erfüllt,Mitarbeiter C,D45,BA-1003,"54,08","0,09","3,8","-0,92","0,09","-0,2","0,95"
,100006,Artikel Zeta,20.08.2025 00:44,erfüllt,Mitarbeiter D,D45,BA-1002,"54,73","0,09","3,89","-0,27","0,09","-0,11","0,31"
,100011,Artikel Lambda,20.08.2025 12:49,erfüllt,Mitarbeiter D,D45,BA-1002,"55,88","0,18","4,17","0,88","0,18","0,17","0,91"
,100001,Artikel Alpha,21.08.2025 19:43,erfüllt,Mitarbeiter C,D45,BA-1003,"55,9","-0,17","4,08","0,9","-0,17","0,08","0,92"
,100022,Artikel Chi,22.08.2025 23:50,erfüllt,Mitarbeiter D,D45,BA-1001,"54,16","-0,02","3,79","-0,84","-0,02","-0,21","0,87"
,100001,Artikel Alpha,23.08.2025 09:38,nicht erfüllt,Mitarbeiter B,D45,BA-1003,"57,16","0,04","3,67","2,16","0,04","-0,33","2,19"
,100017,Artikel Rho,24.08.2025 23:39,erfüllt,Mitarbeiter A,D45,BA-1003,"55,49","-0,2","4,04","0,49","-0,2","0,04","0,53"
,100016,Artikel Pi,26.08.2025 07:59,nicht erfüllt,Mitarbeiter D,D45,BA-1003,"55,45","0,3","4,55","0,45","0,3","0,55","0,77"
,100001,Artikel Alpha,27.08.2025 04:34,erfüllt,Mitarbeiter B,D45,BA-1002,"54,25","0,07","4,08","-0,75","0,07","0,08","0,76"
,100012,Artikel Mu,27.08.2025 23:56,erfüllt,Mitarbeiter C,D45,BA-1003,"53,96","-0,17","4,17","-1,04","-0,17","0,17","1,07"
,100023,Artikel Psi,28.08.2025 17:15,erfüllt,Mitarbeiter B,D45,BA-1001,"55,21","0,17","4,03","0,21","0,17","0,03","0,27"
,100020,Artikel Upsilon,29.08.2025 19:15,erfüllt,Mitarbeiter D,D45,BA-1001,"54,98","0,16","3,69","-0,02","0,16","-0,31","0,35"
,100019,Artikel Tau,30.08.2025 10:28,erfüllt,Mitarbeiter D,D45,BA-1004,"56,17","-0,29","4,2","1,17","-0,29","0,2","1,22"
,100006,Artikel Zeta,31.08.2025 22:50,erfüllt,Mitarbeiter B,D45,BA-1001,"54,38","0,23","3,89","-0,62","0,23","-0,11","0,67"
,100025,Artikel Nova,02.09.2025 02:39,nicht erfüllt,Mitarbeiter D,D45,BA-1001,"53,8","0,79","3,8","-1,2","0,79","-0,2","1,45"
,100002,Artikel Beta,04.09.2025 02:17,erfüllt,Mitarbeiter A,D45,BA-1004,"56,28","-0,22","4,27","1,28","-0,22","0,27","1,33"
,100007,Artikel Eta,04.09.2025 08:50,erfüllt,Mitarbeiter C,D45,BA-1002,"54,17","0,24","3,99","-0,83","0,24","-0,01","0,86"
,100018,Artikel Sigma,05.09.2025 00:37,erfüllt,Mitarbeiter C,D45,BA-1004,"53,97","0,24","3,93","-1,03","0,24","-0,07","1,06"
,100013,Artikel Nu,06.09.2025 17:51,erfüllt,Mitarbeiter C,D45,BA-1003,"54,42","-0,21","4,28","-0,58","-0,21","0,28","0,68"
,100003,Artikel Gamma,07.09.2025 11:09,nicht erfüllt,Mitarbeiter D,D45,BA-1001,"56,99","0,16","4,04","1,99","0,16","0,04",2
,100012,Artikel Mu,08.09.2025 09:12,erfüllt,Mitarbeiter D,D45,BA-1001,"55,64","0,28","4,31","0,64","0,28","0,31","0,76"
,100004,Artikel Delta,08.09.2025 12:44,nicht erfüllt,Mitarbeiter A,D45,BA-1004,"53,2","0,22","3,88","-1,8","0,22","-0,12","1,82"
,100025,Artikel Nova,09.09.2025 12:36,erfüllt,Mitarbeiter D,D45,BA-1002,"55,34","-0,06","3,88","0,34","-0,06","-0,12","0,37"
,100024,Artikel Omega,10.09.2025 08:52,erfüllt,Mitarbeiter D,D45,BA-1003,"53,85","0,14","3,81","-1,15","0,14","-0,19","1,17"
,100025,Artikel Nova,11.09.2025 09:26,erfüllt,Mitarbeiter C,D45,BA-1004,"54,8","0,07","4,31","-0,2","0,07","0,31","0,38"
,100019,Artikel Tau,12.09.2025 03:04,erfüllt,Mitarbeiter A,D45,BA-1003,"55,46","0,13","3,9","0,46","0,13","-0,1","0,49"
,100022,Artikel Chi,12.09.2025 08:52,erfüllt,Mitarbeiter D,D45,BA-1002,"55,41","-0,29","4,09","0,41","-0,29","0,09","0,51"
,100014,Artikel Xi,12.09.2025 22:38,erfüllt,Mitarbeiter D,D45,BA-1003,"55,61","-0,11","4,25","0,61","-0,11","0,25","0,67"
,100008,Artikel Theta,12.09.2025 22:53,erfüllt,Mitarbeiter A,D45,BA-1002,"53,9","0,22","4,22","-1,1","0,22","0,22","1,14"
,100008,Artikel Theta,13.09.2025 03:37,erfüllt,Mitarbeiter A,D45,BA-1002,"53,84","0,27","4,29","-1,16","0,27","0,29","1,23"
,100021,Artikel Phi,14.09.2025 01:23,erfüllt,Mitarbeiter B,D45,BA-1004,"55,66","-0,24","3,94","0,66","-0,24","-0,06","0,7"
,100010,Artikel Kappa,14.09.2025 19:01,nicht erfüllt,Mitarbeiter D,D45,BA-1003,"53,75","0,72","4,04","-1,25","0,72","0,04","1,44"
,100023,Artikel Psi,15.09.2025 10:48,erfüllt,Mitarbeiter C,D45,BA-1003,"53,89","-0,07","4,31","-1,11","-0,07","0,31","1,15"
,100005,Artikel Epsilon,15.09.2025 18:41,erfüllt,Mitarbeiter A,D45,BA-1002,"55,7","0,27","4,05","0,7","0,27","0,05","0,75"
,100011,Artikel Lambda,17.09.2025 03:35,erfüllt,Mitarbeiter B,D45,BA-1004,"56,02","-0,01","3,99","1,02","-0,01","-0,01","1,02"
,100016,Artikel Pi,17.09.2025 05:56,erfüllt,Mitarbeiter B,D45,BA-1002,"54,91","0,28","4,11","-0,09","0,28","0,11","0,31"
,100004,Artikel Delta,19.09.2025 00:53,erfüllt,Mitarbeiter B,D45,BA-1002,"55,7","0,33","3,84","0,7","0,33","-0,16","0,79"
,100010,Artikel Kappa,23.09.2025 16:41,erfüllt,Mitarbeiter B,D45,BA-1004,"54,93","0,32","4,19","-0,07","0,32","0,19","0,38"
,100016,Artikel Pi,23.09.2025 22:33,erfüllt,Mitarbeiter D,D45,BA-1003,"54,99","0,29","4,13","-0,01","0,29","0,13","0,32"
,100019,Artikel Tau,24.09.2025 09:58,erfüllt,Mitarbeiter D,D45,BA-1003,"54,66","-0,08","3,85","-0,34","-0,08","-0,15","0,38"
,100010,Artikel Kappa,24.09.2025 20:39,nicht erfüllt,Mitarbeiter A,D45,BA-1001,"54,8","-0,22","4,64","-0,2","-0,22","0,64","0,71"
,100003,Artikel Gamma,24.09.2025 22:51,erfüllt,Mitarbeiter C,D45,BA-1004,"54,21","0,13","4,11","-0,79","0,13","0,11","0,81"
,100020,Artikel Upsilon,25.09.2025 13:33,nicht erfüllt,Mitarbeiter B,D45,BA-1002,"55,33","-0,65","3,74","0,33","-0,65","-0,26","0,77"
,100023,Artikel Psi,25.09.2025 17:55,erfüllt,Mitarbeiter D,D45,BA-1004,"54,72","-0,33","4,03","-0,28","-0,33","0,03","0,43"
,100013,Artikel Nu,25.09.2025 21:24,erfüllt,Mitarbeiter C,D45,BA-1001,"53,95","0,05","4,06","-1,05","0,05","0,06","1,05"
,100002,Artikel Beta,27.09.2025 07:42,erfüllt,Mitarbeiter B,D45,BA-1003,"56,13","0,1","4,3","1,13","0,1","0,3","1,17"
,100021,Artikel Phi,27.09.2025 10:29,erfüllt,Mitarbeiter C,D45,BA-1003,"55,3","0,24","4,26","0,3","0,24","0,26","0,46"
,100011,Artikel Lambda,27.09.2025 15:18,erfüllt,Mitarbeiter D,D45,BA-1002,"54,03","0,11","3,87","-0,97","0,11","-0,13","0,98"
,100004,Artikel Delta,28.09.2025 17:40,erfüllt,Mitarbeiter B,D45,BA-1004,"54,01","0,2","3,76","-0,99","0,2","-0,24","1,04"
,100014,Artikel Xi,29.09.2025 09:45,erfüllt,Mitarbeiter A,D45,BA-1002,"56,15","0,02","3,78","1,15","0,02","-0,22","1,17"
,100011,Artikel Lambda,29.09.2025 13:33,erfüllt,Mitarbeiter A,D45,BA-1003,"55,23","0,19","4,23","0,23","0,19","0,23","0,38"
,100022,Artikel Chi,30.09.2025 09:58,nicht erfüllt,Mitarbeiter B,D45,BA-1001,"54,56","0,73","4,04","-0,44","0,73","0,04","0,85"
,100023,Artikel Psi,02.10.2025 11:20,erfüllt,Mitarbeiter B,D45,BA-1001,"56,27","-0,14","3,78","1,27","-0,14","-0,22","1,3"
,100018,Artikel Sigma,02.10.2025 14:07,erfüllt,Mitarbeiter A,D45,BA-1002,"55,83","-0,06","4,2","0,83","-0,06","0,2","0,86"
,100008,Artikel Theta,03.10.2025 18:52,erfüllt,Mitarbeiter D,D45,BA-1001,"55,58","0,28","3,89","0,58","0,28","-0,11","0,65"
,100008,Artikel Theta,04.10.2025 05:37,erfüllt,Mitarbeiter D,D45,BA-1001,"54,36","-0,17","4,01","-0,64","-0,17","0,01","0,66"
,100015,Artikel Omikron,04.10.2025 15:02,erfüllt,Mitarbeiter D,D45,BA-1003,"53,72","0,24","4,08","-1,28","0,24","0,08","1,3"
,100020,Artikel Upsilon,04.10.2025 15:17,erfüllt,Mitarbeiter C,D45,BA-1002,"54,66","-0,2","4,16","-0,34","-0,2","0,16","0,43"
,100019,Artikel Tau,05.10.2025 11:04,nicht erfüllt,Mitarbeiter D,D45,BA-1004,"53,84","0,26","4,51","-1,16","0,26","0,51","1,29"
,100015,Artikel Omikron,06.10.2025 17:35,erfüllt,Mitarbeiter A,D45,BA-1003,"55,56","-0,07","3,82","0,56","-0,07","-0,18","0,59"
,100021,Artikel Phi,06.10.2025 18:46,erfüllt,Mitarbeiter A,D45,BA-1003,"55,58","0,14","4,11","0,58","0,14","0,11","0,61"
,100017,Artikel Rho,07.10.2025 03:56,erfüllt,Mitarbeiter B,D45,BA-1003,"55,69","0,07","4,23","0,69","0,07","0,23","0,73"
,100019,Artikel Tau,07.10.2025 18:38,erfüllt,Mitarbeiter D,D45,BA-1002,"55,36","-0,29","4,06","0,36","-0,29","0,06","0,47"
,100012,Artikel Mu,07.10.2025 19:55,erfüllt,Mitarbeiter D,D45,BA-1002,"55,68","-0,08","3,91","0,68","-0,08","-0,09","0,69"
,100014,Artikel Xi,08.10.2025 03:12,nicht erfüllt,Mitarbeiter C,D45,BA-1002,"54,01","0,68","4,02","-0,99","0,68","0,02","1,2"
,100023,Artikel Psi,08.10.2025 07:06,erfüllt,Mitarbeiter C,D45,BA-1002,"53,94","-0,03","3,95","-1,06","-0,03","-0,05","1,06"
,100017,Artikel Rho,08.10.2025 23:52,nicht erfüllt,Mitarbeiter D,D45,BA-1004,"52,74","-0,07","4,05","-2,26","-0,07","0,05","2,26"
,100010,Artikel Kappa,09.10.2025 08:26,nicht erfüllt,Mitarbeiter D,D45,BA-1003,"55,64","-0,03","4,63","0,64","-0,03","0,63","0,9"
,100011,Artikel Lambda,10.10.2025 09:36,erfüllt,Mitarbeiter A,D45,BA-1004,"55,27","-0,32","4,2","0,27","-0,32","0,2","0,46"
,100016,Artikel Pi,10.10.2025 09:37,erfüllt,Mitarbeiter A,D45,BA-1004,"54,34","-0,15","4,29","-0,66","-0,15","0,29","0,74"
,100008,Artikel Theta,10.10.2025 09:52,erfüllt,Mitarbeiter B,D45,BA-1001,"55,93","0,28","4,23","0,93","0,28","0,23",1
,100019,Artikel Tau,10.10.2025 18:17,erfüllt,Mitarbeiter D,D45,BA-1002,"54,12","-0,14","4,29","-0,88","-0,14","0,29","0,94"
,100010,Artikel Kappa,10.10.2025 21:29,erfüllt,Mitarbeiter B,D45,BA-1004,"55,41","0,17","4,04","0,41","0,17","0,04","0,45"
,100014,Artikel Xi,11.10.2025 09:31,erfüllt,Mitarbeiter C,D45,BA-1001,"54,04","0,24","3,76","-0,96","0,24","-0,24","1,02"
,100015,Artikel Omikron,12.10.2025 13:07,erfüllt,Mitarbeiter B,D45,BA-1001,"56,04","0,21","4,12","1,04","0,21","0,12","1,07"
,100023,Artikel Psi,13.10.2025 04:16,nicht erfüllt,Mitarbeiter A,D45,BA-1001,"56,87","-0,12","3,98","1,87","-0,12","-0,02","1,87"
,100022,Artikel Chi,13.10.2025 17:15,nicht erfüllt,Mitarbeiter D,D45,BA-1002,"54,45","-0,23","4,51","-0,55","-0,23","0,51","0,78"
,100019,Artikel Tau,14.10.2025 03:35,nicht erfüllt,Mitarbeiter C,D45,BA-1002,"53,16","0,33","3,7","-1,84","0,33","-0,3","1,89"
,100016,Artikel Pi,14.10.2025 06:09,erfüllt,Mitarbeiter D,D45,BA-1004,"55,94","-0,24","3,79","0,94","-0,24","-0,21","0,99"
,100021,Artikel Phi,14.10.2025 06:25,erfüllt,Mitarbeiter C,D45,BA-1002,"53,73","-0,33","4,18","-1,27","-0,33","0,18","1,32"
,100019,Artikel Tau,14.10.2025 09:46,erfüllt,Mitarbeiter C,D45,BA-1004,"55,74","0,06","3,99","0,74","0,06","-0,01","0,74"
,100009,Artikel Iota,14.10.2025 15:20,erfüllt,Mitarbeiter B,D45,BA-1002,"55,32","0,13","4,22","0,32","0,13","0,22","0,41"
,100023,Artikel Psi,14.10.2025 19:30,erfüllt,Mitarbeiter A,D45,BA-1004,"54,99","0,18","4,2","-0,01","0,18","0,2","0,27"
,100009,Artikel Iota,15.10.2025 01:02,erfüllt,Mitarbeiter C,D45,BA-1003,"54,79","0,11","3,71","-0,21","0,11","-0,29","0,37"
,100014,Artikel Xi,17.10.2025 08:55,erfüllt,Mitarbeiter B,D45,BA-1002,"56,23","0,22","3,89","1,23","0,22","-0,11","1,25"
,100005,Artikel Epsilon,17.10.2025 13:41,nicht erfüllt,Mitarbeiter D,D45,BA-1004,"55,47","0,15","3,24","0,47","0,15","-0,76","0,91"
,100023,Artikel Psi,18.10.2025 13:59,erfüllt,Mitarbeiter C,D45,BA-1002,"55,94","-0,26","4,18","0,94","-0,26","0,18","0,99"
,100005,Artikel Epsilon,18.10.2025 18:42,erfüllt,Mitarbeiter B,D45,BA-1003,"55,07","-0,2","3,85","0,07","-0,2","-0,15","0,26"
,100010,Artikel Kappa,18.10.2025 19:09,erfüllt,Mitarbeiter C,D45,BA-1001,"56,2","-0,04","4,06","1,2","-0,04","0,06","1,2"
,100005,Artikel Epsilon,19.10.2025 01:22,erfüllt,Mitarbeiter B,D45,BA-1003,"55,94","0,26","4,12","0,94","0,26","0,12","0,98"
,100006,Artikel Zeta,20.10.2025 05:33,erfüllt,Mitarbeiter B,D45,BA-1001,"55,66","0,19","3,76","0,66","0,19","-0,24","0,73"
,100020,Artikel Upsilon,20.10.2025 08:26,erfüllt,Mitarbeiter D,D45,BA-1002,"55,16","-0,29","4,19","0,16","-0,29","0,19","0,38"
,100010,Artikel Kappa,20.10.2025 10:59,erfüllt,Mitarbeiter A,D45,BA-1001,"55,56","0,33","4,02","0,56","0,33","0,02","0,65"
,100006,Artikel Zeta,20.10.2025 14:13,erfüllt,Mitarbeiter A,D45,BA-1004,"55,75","-0,17","3,74","0,75","-0,17","-0,26","0,81"
,100011,Artikel Lambda,20.10.2025 18:30,erfüllt,Mitarbeiter A,D45,BA-1004,"55,67","0,05","4,08","0,67","0,05","0,08","0,68"
,100009,Artikel Iota,20.10.2025 23:57,nicht erfüllt,Mitarbeiter C,D45,BA-1001,"56,16","0,54","4,17","1,16","0,54","0,17","1,29"
,100007,Artikel Eta,21.10.2025 16:15,erfüllt,Mitarbeiter A,D45,BA-1001,"54,35","0,13","4,24","-0,65","0,13","0,24","0,7"
,100011,Artikel Lambda,21.10.2025 21:00,erfüllt,Mitarbeiter D,D45,BA-1002,"56,15","0,17","4,12","1,15","0,17","0,12","1,17"
,100009,Artikel Iota,22.10.2025 01:27,erfüllt,Mitarbeiter D,D45,BA-1003,"55,2","-0,02","3,8","0,2","-0,02","-0,2","0,28"
,100018,Artikel Sigma,22.10.2025 01:32,nicht erfüllt,Mitarbeiter C,D45,BA-1002,"54,02","-0,1","4,77","-0,98","-0,1","0,77","1,25"
,100004,Artikel Delta,23.10.2025 08:09,erfüllt,Mitarbeiter A,D45,BA-1001,"55,84","-0,15","3,86","0,84","-0,15","-0,14","0,86"
,100022,Artikel Chi,23.10.2025 17:01,erfüllt,Mitarbeiter C,D45,BA-1002,"55,16","-0,2","4,06","0,16","-0,2","0,06","0,26"
,100015,Artikel Omikron,24.10.2025 16:18,nicht erfüllt,Mitarbeiter D,D45,BA-1004,"54,93","0,09","3,42","-0,07","0,09","-0,58","0,59"
,100002,Artikel Beta,25.10.2025 04:39,erfüllt,Mitarbeiter A,D45,BA-1001,"55,96","0,21","3,75","0,96","0,21","-0,25","1,01"
,100006,Artikel Zeta,25.10.2025 16:05,erfüllt,Mitarbeiter B,D45,BA-1002,"54,92","0,15","3,67","-0,08","0,15","-0,33","0,37"
,100012,Artikel Mu,26.10.2025 13:07,erfüllt,Mitarbeiter D,D45,BA-1004,"53,72","0,14","3,69","-1,28","0,14","-0,31","1,32"
,100012,Artikel Mu,26.10.2025 15:14,erfüllt,Mitarbeiter D,D45,BA-1004,"55,26","-0,02","3,7","0,26","-0,02","-0,3","0,4"
,100018,Artikel Sigma,27.10.2025 04:40,erfüllt,Mitarbeiter C,D45,BA-1001,"54,12","0,02","3,73","-0,88","0,02","-0,27","0,92"
,100009,Artikel Iota,27.10.2025 11:18,erfüllt,Mitarbeiter D,D45,BA-1003,"55,29","-0,31","4,16","0,29","-0,31","0,16","0,45"
,100007,Artikel Eta,28.10.2025 04:09,erfüllt,Mitarbeiter A,D45,BA-1001,"54,52","-0,31","3,96","-0,48","-0,31","-0,04","0,57"
,100011,Artikel Lambda,28.10.2025 05:05,erfüllt,Mitarbeiter C,D45,BA-1003,"56,1","0,02","4,12","1,1","0,02","0,12","1,11"
,100003,Artikel Gamma,28.10.2025 22:52,erfüllt,Mitarbeiter B,D45,BA-1003,"55,41","-0,17","4,04","0,41","-0,17","0,04","0,45"
,100017,Artikel Rho,29.10.2025 05:33,nicht erfüllt,Mitarbeiter C,D45,BA-1003,"52,94","0,08","4,1","-2,06","0,08","0,1","2,06"
,100020,Artikel Upsilon,29.10.2025 18:33,erfüllt,Mitarbeiter D,D45,BA-1003,"54,68","0,03","3,8","-0,32","0,03","-0,2","0,38"
,100018,Artikel Sigma,29.10.2025 23:51,erfüllt,Mitarbeiter B,D45,BA-1004,"55,41","0,13","3,83","0,41","0,13","-0,17","0,46"
,100023,Artikel Psi,30.10.2025 17:33,erfüllt,Mitarbeiter A,D45,BA-1002,"53,71","0,12","3,81","-1,29","0,12","-0,19","1,31"
,100019,Artikel Tau,02.11.2025 05:41,nicht erfüllt,Mitarbeiter B,D45,BA-1002,"52,97","-0,19","3,72","-2,03","-0,19","-0,28","2,06"
,100003,Artikel Gamma,02.11.2025 08:24,erfüllt,Mitarbeiter C,D45,BA-1001,"55,2","0,09","4,15","0,2","0,09","0,15","0,27"
,100009,Artikel Iota,02.11.2025 11:43,erfüllt,Mitarbeiter D,D45,BA-1001,"55,88","-0,33","4,31","0,88","-0,33","0,31","0,99"
,100012,Artikel Mu,04.11.2025 02:46,erfüllt,Mitarbeiter C,D45,BA-1003,"55,6","-0,16","3,69","0,6","-0,16","-0,31","0,69"
,100007,Artikel Eta,05.11.2025 06:00,nicht erfüllt,Mitarbeiter A,D45,BA-1004,"52,93","0,27","4,1","-2,07","0,27","0,1","2,09"
,100008,Artikel Theta,06.11.2025 09:30,erfüllt,Mitarbeiter D,D45,BA-1004,"54,09","-0,29","3,91","-0,91","-0,29","-0,09","0,96"
,100016,Artikel Pi,08.11.2025 01:14,erfüllt,Mitarbeiter B,D45,BA-1004,"56,12","0,15","3,73","1,12","0,15","-0,27","1,16"
,100016,Artikel Pi,08.11.2025 08:44,erfüllt,Mitarbeiter C,D45,BA-1001,"55,29","-0,2","3,93","0,29","-0,2","-0,07","0,36"
,100015,Artikel Omikron,08.11.2025 23:37,erfüllt,Mitarbeiter C,D45,BA-1002,"55,5","-0,17","3,98","0,5","-0,17","-0,02","0,53"
,100025,Artikel Nova,12.11.2025 16:28,erfüllt,Mitarbeiter D,D45,BA-1002,"54,35","-0,16","3,8","-0,65","-0,16","-0,2","0,7"
,100003,Artikel Gamma,12.11.2025 18:49,erfüllt,Mitarbeiter B,D45,BA-1001,"54,65","0,05","3,75","-0,35","0,05","-0,25","0,43"
,100002,Artikel Beta,13.11.2025 01:39,nicht erfüllt,Mitarbeiter B,D45,BA-1001,"56,89","-0,15","3,97","1,89","-0,15","-0,03","1,9"
,100017,Artikel Rho,13.11.2025 14:13,erfüllt,Mitarbeiter C,D45,BA-1002,"53,82","0,24","4,22","-1,18","0,24","0,22","1,22"
,100018,Artikel Sigma,13.11.2025 17:15,erfüllt,Mitarbeiter A,D45,BA-1003,"54,16","0,04","3,94","-0,84","0,04","-0,06","0,84"
,100003,Artikel Gamma,13.11.2025 21:50,nicht erfüllt,Mitarbeiter D,D45,BA-1004,"53,91","0,32","3,51","-1,09","0,32","-0,49","1,24"
,100020,Artikel Upsilon,14.11.2025 03:00,erfüllt,Mitarbeiter D,D45,BA-1002,"54,5","-0,23","3,86","-0,5","-0,23","-0,14","0,57"
,100006,Artikel Zeta,14.11.2025 05:29,erfüllt,Mitarbeiter A,D45,BA-1001,"54,26","-0,12","3,9","-0,74","-0,12","-0,1","0,76"
,100017,Artikel Rho,15.11.2025 12:50,erfüllt,Mitarbeiter D,D45,BA-1004,"54,28","-0,18","4,28","-0,72","-0,18","0,28","0,79"
,100019,Artikel Tau,15.11.2025 20:08,erfüllt,Mitarbeiter D,D45,BA-1003,"55,46","-0,2","3,88","0,46","-0,2","-0,12","0,52"
,100001,Artikel Alpha,16.11.2025 16:24,nicht erfüllt,Mitarbeiter B,D45,BA-1001,"53,31","0,24","4,16","-1,69","0,24","0,16","1,71"
,100021,Artikel Phi,16.11.2025 18:19,erfüllt,Mitarbeiter A,D45,BA-1001,"54,43","0,34","3,7","-0,57","0,34","-0,3","0,73"
,100001,Artikel Alpha,17.11.2025 06:21,nicht erfüllt,Mitarbeiter A,D45,BA-1004,"53,8","0,1","4,64","-1,2","0,1","0,64","1,36"
,100015,Artikel Omikron,18.11.2025 07:23,erfüllt,Mitarbeiter C,D45,BA-1001,"55,31","-0,03","3,68","0,31","-0,03","-0,32","0,45"
,100008,Artikel Theta,18.11.2025 07:58,erfüllt,Mitarbeiter A,D45,BA-1004,"56,1","0,27","4,17","1,1","0,27","0,17","1,15"
,100006,Artikel Zeta,18.11.2025 17:34,erfüllt,Mitarbeiter A,D45,BA-1001,"54,8","-0,26","4,15","-0,2","-0,26","0,15","0,36"
,100006,Artikel Zeta,19.11.2025 05:05,erfüllt,Mitarbeiter B,D45,BA-1003,"54,73","-0,06","4,03","-0,27","-0,06","0,03","0,28"
,100023,Artikel Psi,19.11.2025 18:40,erfüllt,Mitarbeiter A,D45,BA-1002,"55,34","0,2","4,05","0,34","0,2","0,05","0,4"
,100007,Artikel Eta,19.11.2025 20:25,erfüllt,Mitarbeiter B,D45,BA-1002,"53,84","-0,3","4,34","-1,16","-0,3","0,34","1,25"
,100017,Artikel Rho,20.11.2025 19:15,erfüllt,Mitarbeiter C,D45,BA-1003,"53,94","-0,05","3,9","-1,06","-0,05","-0,1","1,07"
,100022,Artikel Chi,21.11.2025 22:24,erfüllt,Mitarbeiter A,D45,BA-1003,"55,9","0,29","4,29","0,9","0,29","0,29","0,99"
,100020,Artikel Upsilon,22.11.2025 17:49,erfüllt,Mitarbeiter C,D45,BA-1003,"54,35","-0,08","4,17","-0,65","-0,08","0,17","0,68"
,100010,Artikel Kappa,22.11.2025 20:24,erfüllt,Mitarbeiter B,D45,BA-1002,"56,24","-0,14","3,82","1,24","-0,14","-0,18","1,26"
,100019,Artikel Tau,23.11.2025 10:45,erfüllt,Mitarbeiter B,D45,BA-1003,"55,16","-0,21",4,"0,16","-0,21",0,"0,26"
,100001,Artikel Alpha,23.11.2025 15:08,nicht erfüllt,Mitarbeiter C,D45,BA-1002,"54,55","-0,2","4,65","-0,45","-0,2","0,65","0,82"
,100025,Artikel Nova,24.11.2025 23:33,erfüllt,Mitarbeiter B,D45,BA-1002,"55,79","0,22","3,66","0,79","0,22","-0,34","0,89"
,100019,Artikel Tau,25.11.2025 04:35,erfüllt,Mitarbeiter C,D45,BA-1002,"55,01","0,06","4,26","0,01","0,06","0,26","0,27"
,100014,Artikel Xi,25.11.2025 16:58,erfüllt,Mitarbeiter D,D45,BA-1004,"53,91","-0,2","3,98","-1,09","-0,2","-0,02","1,11"
,100002,Artikel Beta,26.11.2025 05:10,erfüllt,Mitarbeiter A,D45,BA-1001,"56,27","-0,05","3,91","1,27","-0,05","-0,09","1,27"
,100003,Artikel Gamma,26.11.2025 14:39,erfüllt,Mitarbeiter B,D45,BA-1002,"55,04","-0,12","4,34","0,04","-0,12","0,34","0,36"
,100002,Artikel Beta,27.11.2025 12:20,erfüllt,Mitarbeiter B,D45,BA-1004,"55,16","0,14","3,77","0,16","0,14","-0,23","0,31"
,100003,Artikel Gamma,27.11.2025 20:00,erfüllt,Mitarbeiter C,D45,BA-1002,"53,91","-0,21","4,1","-1,09","-0,21","0,1","1,11"
,100021,Artikel Phi,28.11.2025 06:17,erfüllt,Mitarbeiter D,D45,BA-1001,"54,98","0,21","3,88","-0,02","0,21","-0,12","0,24"
,100003,Artikel Gamma,28.11.2025 09:16,erfüllt,Mitarbeiter C,D45,BA-1002,"55,37","0,19","3,89","0,37","0,19","-0,11","0,43"
,100016,Artikel Pi,28.11.2025 19:09,erfüllt,Mitarbeiter B,D45,BA-1004,"55,28","0,27","4,21","0,28","0,27","0,21","0,44"
,100002,Artikel Beta,29.11.2025 06:04,erfüllt,Mitarbeiter C,D45,BA-1001,"55,43","-0,03","4,33","0,43","-0,03","0,33","0,54"
,100001,Artikel Alpha,29.11.2025 18:05,erfüllt,Mitarbeiter D,D45,BA-1004,"55,79","0,08","3,93","0,79","0,08","-0,07","0,8"
,100022,Artikel Chi,30.11.2025 12:22,erfüllt,Mitarbeiter D,D45,BA-1002,"55,32","-0,26","4,28","0,32","-0,26","0,28","0,5"
,100023,Artikel Psi,02.12.2025 03:55,erfüllt,Mitarbeiter D,D45,BA-1004,"54,57","0,07","4,21","-0,43","0,07","0,21","0,48"
,100014,Artikel Xi,02.12.2025 07:17,erfüllt,Mitarbeiter B,D45,BA-1002,"55,61","-0,17",4,"0,61","-0,17",0,"0,63"
,100006,Artikel Zeta,02.12.2025 14:54,erfüllt,Mitarbeiter A,D45,BA-1002,"55,04","-0,3","4,3","0,04","-0,3","0,3","0,43"
,100015,Artikel Omikron,03.12.2025 17:04,erfüllt,Mitarbeiter D,D45,BA-1004,"54,37","0,05","4,15","-0,63","0,05","0,15","0,65"
,100013,Artikel Nu,05.12.2025 06:52,nicht erfüllt,Mitarbeiter D,D45,BA-1002,"53,35","-0,21","3,9","-1,65","-0,21","-0,1","1,67"
,100011,Artikel Lambda,05.12.2025 09:37,erfüllt,Mitarbeiter C,D45,BA-1004,"55,28","-0,06","3,95","0,28","-0,06","-0,05","0,29"
,100008,Artikel Theta,06.12.2025 02:29,erfüllt,Mitarbeiter B,D45,BA-1003,"54,62","-0,22","3,97","-0,38","-0,22","-0,03","0,44"
,100023,Artikel Psi,06.12.2025 10:23,erfüllt,Mitarbeiter B,D45,BA-1002,"53,97","0,12","4,18","-1,03","0,12","0,18","1,05"
,100022,Artikel Chi,06.12.2025 14:21,erfüllt,Mitarbeiter C,D45,BA-1004,"56,13","0,3","3,67","1,13","0,3","-0,33","1,21"
,100021,Artikel Phi,07.12.2025 15:34,nicht erfüllt,Mitarbeiter D,D45,BA-1002,"56,09","0,3","3,26","1,09","0,3","-0,74","1,35"
,100002,Artikel Beta,07.12.2025 16:08,erfüllt,Mitarbeiter C,D45,BA-1004,"54,35","-0,26","3,86","-0,65","-0,26","-0,14","0,71"
,100003,Artikel Gamma,09.12.2025 17:48,nicht erfüllt,Mitarbeiter A,D45,BA-1002,"57,29","0,18","4,05","2,29","0,18","0,05","2,3"
,100008,Artikel Theta,10.12.2025 08:21,erfüllt,Mitarbeiter D,D45,BA-1003,"55,89","0,2","4,01","0,89","0,2","0,01","0,91"
,100011,Artikel Lambda,10.12.2025 19:52,erfüllt,Mitarbeiter B,D45,BA-1002,"54,35","-0,22","3,74","-0,65","-0,22","-0,26","0,73"
,100017,Artikel Rho,12.12.2025 06:19,erfüllt,Mitarbeiter A,D45,BA-1002,"54,13","-0,03","3,69","-0,87","-0,03","-0,31","0,92"
,100021,Artikel Phi,12.12.2025 10:40,erfüllt,Mitarbeiter D,D45,BA-1003,"53,99","0,01","3,73","-1,01","0,01","-0,27","1,05"
,100019,Artikel Tau,12.12.2025 13:34,erfüllt,Mitarbeiter C,D45,BA-1001,"54,5","-0,12","4,2","-0,5","-0,12","0,2","0,55"
,100015,Artikel Omikron,12.12.2025 19:55,nicht erfüllt,Mitarbeiter B,D45,BA-1002,54,"-0,2","4,61",-1,"-0,2","0,61","1,19"
,100017,Artikel Rho,13.12.2025 20:41,erfüllt,Mitarbeiter B,D45,BA-1004,"53,99","0,18","3,84","-1,01","0,18","-0,16","1,04"
,100019,Artikel Tau,14.12.2025 11:15,nicht erfüllt,Mitarbeiter B,D45,BA-1002,"55,12","0,72","4,26","0,12","0,72","0,26","0,77"
,100020,Artikel Upsilon,14.12.2025 11:18,erfüllt,Mitarbeiter D,D45,BA-1002,"55,88","-0,32","4,14","0,88","-0,32","0,14","0,95"
,100002,Artikel Beta,14.12.2025 15:10,erfüllt,Mitarbeiter B,D45,BA-1001,"53,91","-0,22","4,03","-1,09","-0,22","0,03","1,11"
,100004,Artikel Delta,15.12.2025 08:00,erfüllt,Mitarbeiter B,D45,BA-1001,"55,94","0,11","3,72","0,94","0,11","-0,28","0,99"
,100018,Artikel Sigma,15.12.2025 09:12,erfüllt,Mitarbeiter B,D45,BA-1004,"54,94","-0,27","3,95","-0,06","-0,27","-0,05","0,28"
,100002,Artikel Beta,16.12.2025 00:07,nicht erfüllt,Mitarbeiter A,D45,BA-1001,"54,7","0,07","4,74","-0,3","0,07","0,74","0,8"
,100006,Artikel Zeta,17.12.2025 01:53,erfüllt,Mitarbeiter B,D45,BA-1003,"55,39","-0,14","3,94","0,39","-0,14","-0,06","0,42"
,100025,Artikel Nova,17.12.2025 21:06,erfüllt,Mitarbeiter B,D45,BA-1003,"53,92","0,1","3,71","-1,08","0,1","-0,29","1,12"
,100006,Artikel Zeta,18.12.2025 15:19,erfüllt,Mitarbeiter C,D45,BA-1004,"55,87","0,22","4,25","0,87","0,22","0,25","0,93"
,100002,Artikel Beta,18.12.2025 23:03,nicht erfüllt,Mitarbeiter B,D45,BA-1002,"55,06","0,1","4,68","0,06","0,1","0,68","0,69"
,100024,Artikel Omega,19.12.2025 23:03,erfüllt,Mitarbeiter C,D45,BA-1003,"54,41","0,03","4,02","-0,59","0,03","0,02","0,59"
,100003,Artikel Gamma,21.12.2025 12:20,erfüllt,Mitarbeiter C,D45,BA-1002,"55,17","0,29","4,25","0,17","0,29","0,25","0,42"
,100015,Artikel Omikron,21.12.2025 20:02,nicht erfüllt,Mitarbeiter B,D45,BA-1003,"57,03","0,07","3,75","2,03","0,07","-0,25","2,05"
,100019,Artikel Tau,21.12.2025 20:16,erfüllt,Mitarbeiter D,D45,BA-1003,"55,59","-0,17","4,02","0,59","-0,17","0,02","0,61"
,100009,Artikel Iota,22.12.2025 04:13,erfüllt,Mitarbeiter D,D45,BA-1001,"54,17","0,04","4,31","-0,83","0,04","0,31","0,89"
,100003,Artikel Gamma,24.12.2025 04:11,erfüllt,Mitarbeiter A,D45,BA-1001,"54,79","0,09","4,22","-0,21","0,09","0,22","0,32"
,100023,Artikel Psi,24.12.2025 22:10,erfüllt,Mitarbeiter D,D45,BA-1001,"54,66","-0,17","4,02","-0,34","-0,17","0,02","0,38"
,100007,Artikel Eta,26.12.2025 00:53,erfüllt,Mitarbeiter A,D45,BA-1004,"56,17","-0,22",4,"1,17","-0,22",0,"1,19"
,100004,Artikel Delta,29.12.2025 17:46,erfüllt,Mitarbeiter C,D45,BA-1002,"55,79","-0,31","4,06","0,79","-0,31","0,06","0,85"
,100009,Artikel Iota,30.12.2025 10:16,erfüllt,Mitarbeiter A,D45,BA-1002,"56,26","-0,26","3,69","1,26","-0,26","-0,31","1,32"
,100008,Artikel Theta,30.12.2025 13:04,erfüllt,Mitarbeiter C,D45,BA-1003,"55,52","0,19","3,71","0,52","0,19","-0,29","0,62"
,100017,Artikel Rho,30.12.2025 20:10,nicht erfüllt,Mitarbeiter D,D45,BA-1003,"55,81","-0,22","4,63","0,81","-0,22","0,63","1,05"
,100017,Artikel Rho,30.12.2025 23:26,erfüllt,Mitarbeiter D,D45,BA-1003,"56,12","0,16","3,83","1,12","0,16","-0,17","1,14"
,100024,Artikel Omega,31.12.2025 21:11,erfüllt,Mitarbeiter C,D45,BA-1002,"56,26","0,07","3,73","1,26","0,07","-0,27","1,29"
,100010,Artikel Kappa,31.12.2025 21:49,erfüllt,Mitarbeiter C,D45,BA-1001,"54,82","-0,01","4,2","-0,18","-0,01","0,2","0,27"
,100009,Artikel Iota,02.01.2026 22:21,erfüllt,Mitarbeiter A,D45,BA-1004,"54,52","-0,21","4,22","-0,48","-0,21","0,22","0,57"
,100015,Artikel Omikron,03.01.2026 08:34,erfüllt,Mitarbeiter A,D45,BA-1004,"54,94","0,09","4,16","-0,06","0,09","0,16","0,19"
,100009,Artikel Iota,04.01.2026 00:10,erfüllt,Mitarbeiter B,D45,BA-1002,"55,84","-0,06","3,94","0,84","-0,06","-0,06","0,84"
,100004,Artikel Delta,04.01.2026 00:14,nicht erfüllt,Mitarbeiter D,D45,BA-1001,"53,86","-0,48","3,9","-1,14","-0,48","-0,1","1,24"
,100021,Artikel Phi,04.01.2026 18:45,erfüllt,Mitarbeiter B,D45,BA-1004,"54,97","0,14","4,21","-0,03","0,14","0,21","0,25"
,100009,Artikel Iota,06.01.2026 03:24,erfüllt,Mitarbeiter B,D45,BA-1001,"53,82","0,16","4,17","-1,18","0,16","0,17","1,2"
,100022,Artikel Chi,06.01.2026 08:56,erfüllt,Mitarbeiter D,D45,BA-1001,"55,08","-0,01","3,92","0,08","-0,01","-0,08","0,11"
,100003,Artikel Gamma,06.01.2026 17:09,erfüllt,Mitarbeiter D,D45,BA-1001,"55,39","0,28","3,95","0,39","0,28","-0,05","0,48"
,100004,Artikel Delta,07.01.2026 09:12,nicht erfüllt,Mitarbeiter C,D45,BA-1004,"55,44","-0,11","3,32","0,44","-0,11","-0,68","0,82"
,100015,Artikel Omikron,08.01.2026 14:32,erfüllt,Mitarbeiter A,D45,BA-1004,"55,5","0,19","4,07","0,5","0,19","0,07","0,54"
,100019,Artikel Tau,08.01.2026 21:04,erfüllt,Mitarbeiter B,D45,BA-1001,"54,68","0,24","3,67","-0,32","0,24","-0,33","0,52"
,100001,Artikel Alpha,09.01.2026 08:11,nicht erfüllt,Mitarbeiter C,D45,BA-1003,"56,68","-0,12","3,71","1,68","-0,12","-0,29","1,71"
,100012,Artikel Mu,10.01.2026 01:52,erfüllt,Mitarbeiter C,D45,BA-1004,"53,77","0,17","4,17","-1,23","0,17","0,17","1,25"
,100017,Artikel Rho,10.01.2026 08:38,erfüllt,Mitarbeiter A,D45,BA-1003,"55,33","-0,13","4,06","0,33","-0,13","0,06","0,36"
,100009,Artikel Iota,11.01.2026 16:56,erfüllt,Mitarbeiter D,D45,BA-1003,"55,11","0,08","3,99","0,11","0,08","-0,01","0,14"
,100019,Artikel Tau,12.01.2026 07:40,erfüllt,Mitarbeiter C,D45,BA-1004,"54,59","0,2","4,13","-0,41","0,2","0,13","0,47"
,100009,Artikel Iota,13.01.2026 03:14,erfüllt,Mitarbeiter C,D45,BA-1001,"53,96","0,05","4,3","-1,04","0,05","0,3","1,08"
,100013,Artikel Nu,14.01.2026 10:44,erfüllt,Mitarbeiter A,D45,BA-1001,"55,62","-0,32","3,95","0,62","-0,32","-0,05","0,7"
,100021,Artikel Phi,14.01.2026 12:56,erfüllt,Mitarbeiter C,D45,BA-1003,"55,72","0,03","3,9","0,72","0,03","-0,1","0,73"
,100016,Artikel Pi,14.01.2026 21:19,erfüllt,Mitarbeiter C,D45,BA-1003,"54,89","0,14","3,66","-0,11","0,14","-0,34","0,38"
,100020,Artikel Upsilon,15.01.2026 22:37,erfüllt,Mitarbeiter A,D45,BA-1001,"55,89","0,04","3,68","0,89","0,04","-0,32","0,95"
,100018,Artikel Sigma,16.01.2026 03:55,nicht erfüllt,Mitarbeiter C,D45,BA-1001,"56,17","0,26","3,41","1,17","0,26","-0,59","1,34"
,100009,Artikel Iota,16.01.2026 16:09,erfüllt,Mitarbeiter B,D45,BA-1002,"54,14","-0,17","3,8","-0,86","-0,17","-0,2","0,9"
,100021,Artikel Phi,16.01.2026 16:47,erfüllt,Mitarbeiter B,D45,BA-1002,"55,91","0,19","4,06","0,91","0,19","0,06","0,93"
,100006,Artikel Zeta,17.01.2026 04:29,erfüllt,Mitarbeiter A,D45,BA-1003,"53,95","-0,31","4,16","-1,05","-0,31","0,16","1,11"
,100017,Artikel Rho,18.01.2026 00:13,erfüllt,Mitarbeiter D,D45,BA-1003,"55,52","-0,05","3,81","0,52","-0,05","-0,19","0,56"
,100007,Artikel Eta,18.01.2026 08:59,erfüllt,Mitarbeiter C,D45,BA-1002,"54,88","0,25","3,99","-0,12","0,25","-0,01","0,28"
,100024,Artikel Omega,18.01.2026 19:33,erfüllt,Mitarbeiter D,D45,BA-1001,"56,14","-0,16","4,22","1,14","-0,16","0,22","1,17"
,100025,Artikel Nova,18.01.2026 20:14,erfüllt,Mitarbeiter D,D45,BA-1002,"55,34","-0,17","3,89","0,34","-0,17","-0,11","0,4"
,100009,Artikel Iota,19.01.2026 05:53,erfüllt,Mitarbeiter B,D45,BA-1003,"54,03","0,22","4,3","-0,97","0,22","0,3","1,04"
,100013,Artikel Nu,19.01.2026 20:43,erfüllt,Mitarbeiter B,D45,BA-1004,"54,63","0,1","4,25","-0,37","0,1","0,25","0,46"
,100012,Artikel Mu,19.01.2026 22:09,nicht erfüllt,Mitarbeiter D,D45,BA-1001,"54,66","0,15","3,53","-0,34","0,15","-0,47","0,6"
,100022,Artikel Chi,22.01.2026 00:09,erfüllt,Mitarbeiter A,D45,BA-1001,"55,17","-0,23","3,83","0,17","-0,23","-0,17","0,33"
,100009,Artikel Iota,23.01.2026 21:25,erfüllt,Mitarbeiter A,D45,BA-1003,"56,25","0,21","4,33","1,25","0,21","0,33","1,31"
,100019,Artikel Tau,24.01.2026 04:12,erfüllt,Mitarbeiter D,D45,BA-1004,"53,78","0,26","3,76","-1,22","0,26","-0,24","1,27"
,100007,Artikel Eta,24.01.2026 08:51,nicht erfüllt,Mitarbeiter A,D45,BA-1004,"52,92","0,34","3,78","-2,08","0,34","-0,22","2,12"
,100004,Artikel Delta,24.01.2026 13:56,erfüllt,Mitarbeiter D,D45,BA-1003,"55,45","0,03","4,19","0,45","0,03","0,19","0,49"
,100012,Artikel Mu,25.01.2026 08:21,erfüllt,Mitarbeiter B,D45,BA-1002,"55,82","0,27","3,81","0,82","0,27","-0,19","0,88"
,100008,Artikel Theta,25.01.2026 14:03,erfüllt,Mitarbeiter B,D45,BA-1003,"56,03","0,2","3,79","1,03","0,2","-0,21","1,07"
,100018,Artikel Sigma,26.01.2026 06:00,erfüllt,Mitarbeiter C,D45,BA-1001,"56,14","0,21","4,23","1,14","0,21","0,23","1,18"
,100023,Artikel Psi,27.01.2026 06:33,erfüllt,Mitarbeiter B,D45,BA-1003,"55,47","-0,08","4,13","0,47","-0,08","0,13","0,49"
,100024,Artikel Omega,27.01.2026 15:13,erfüllt,Mitarbeiter A,D45,BA-1004,"55,92","0,02","3,75","0,92","0,02","-0,25","0,95"
,100023,Artikel Psi,28.01.2026 16:31,erfüllt,Mitarbeiter B,D45,BA-1004,"54,27","-0,02","3,68","-0,73","-0,02","-0,32","0,8"
,100013,Artikel Nu,28.01.2026 18:01,erfüllt,Mitarbeiter B,D45,BA-1002,"55,45","0,01","3,86","0,45","0,01","-0,14","0,47"
,100025,Artikel Nova,29.01.2026 09:22,nicht erfüllt,Mitarbeiter D,D45,BA-1004,"55,97","-0,3","3,55","0,97","-0,3","-0,45","1,11"
,100012,Artikel Mu,30.01.2026 01:02,erfüllt,Mitarbeiter D,D45,BA-1004,"53,99","0,17","3,82","-1,01","0,17","-0,18","1,04"
,100011,Artikel Lambda,30.01.2026 14:36,erfüllt,Mitarbeiter B,D45,BA-1001,"55,49","0,18","4,33","0,49","0,18","0,33","0,62"
,100012,Artikel Mu,31.01.2026 05:57,erfüllt,Mitarbeiter A,D45,BA-1002,"54,1","-0,14","3,85","-0,9","-0,14","-0,15","0,92"
,100007,Artikel Eta,01.02.2026 00:35,nicht erfüllt,Mitarbeiter B,D45,BA-1001,"53,81","0,1","4,47","-1,19","0,1","0,47","1,28"
,100020,Artikel Upsilon,01.02.2026 12:01,erfüllt,Mitarbeiter B,D45,BA-1002,"55,54","0,08","4,06","0,54","0,08","0,06","0,55"
,100020,Artikel Upsilon,01.02.2026 15:00,erfüllt,Mitarbeiter A,D45,BA-1001,"56,07","-0,08","3,7","1,07","-0,08","-0,3","1,11"
,100021,Artikel Phi,03.02.2026 00:30,erfüllt,Mitarbeiter C,D45,BA-1002,"54,3","0,21","3,72","-0,7","0,21","-0,28","0,78"
,100020,Artikel Upsilon,03.02.2026 01:54,erfüllt,Mitarbeiter A,D45,BA-1002,"55,41","0,18","3,79","0,41","0,18","-0,21","0,49"
,100006,Artikel Zeta,03.02.2026 12:13,erfüllt,Mitarbeiter B,D45,BA-1001,"55,21","0,17","3,71","0,21","0,17","-0,29","0,4"
,100007,Artikel Eta,03.02.2026 17:10,erfüllt,Mitarbeiter C,D45,BA-1002,"54,6","0,12","3,81","-0,4","0,12","-0,19","0,46"
,100003,Artikel Gamma,04.02.2026 02:09,nicht erfüllt,Mitarbeiter B,D45,BA-1002,"54,97","0,09","4,69","-0,03","0,09","0,69","0,7"
,100010,Artikel Kappa,04.02.2026 03:30,erfüllt,Mitarbeiter C,D45,BA-1003,"54,51","-0,19","4,11","-0,49","-0,19","0,11","0,54"
,100012,Artikel Mu,04.02.2026 14:55,erfüllt,Mitarbeiter A,D45,BA-1001,"55,81","0,27","3,68","0,81","0,27","-0,32","0,91"
,100001,Artikel Alpha,05.02.2026 05:58,nicht erfüllt,Mitarbeiter D,D45,BA-1001,"54,14","-0,04","4,71","-0,86","-0,04","0,71","1,12"
,100002,Artikel Beta,05.02.2026 19:03,erfüllt,Mitarbeiter D,D45,BA-1002,"55,39","-0,3","3,9","0,39","-0,3","-0,1","0,5"
,100004,Artikel Delta,06.02.2026 18:11,nicht erfüllt,Mitarbeiter C,D45,BA-1004,"53,07","-0,23","3,87","-1,93","-0,23","-0,13","1,95"
,100012,Artikel Mu,06.02.2026 19:02,erfüllt,Mitarbeiter B,D45,BA-1002,"53,76","-0,26","4,06","-1,24","-0,26","0,06","1,27"
,100018,Artikel Sigma,06.02.2026 19:55,erfüllt,Mitarbeiter D,D45,BA-1004,"55,32","0,07","3,78","0,32","0,07","-0,22","0,39"
,100011,Artikel Lambda,08.02.2026 20:23,erfüllt,Mitarbeiter C,D45,BA-1003,"55,82","0,16","4,33","0,82","0,16","0,33","0,9"
,100009,Artikel Iota,10.02.2026 01:19,erfüllt,Mitarbeiter D,D45,BA-1003,"55,86","0,07","4,13","0,86","0,07","0,13","0,87"
,100002,Artikel Beta,10.02.2026 20:04,nicht erfüllt,Mitarbeiter A,D45,BA-1001,"54,15","0,04","3,32","-0,85","0,04","-0,68","1,09"
,100007,Artikel Eta,12.02.2026 16:14,erfüllt,Mitarbeiter C,D45,BA-1001,"56,05","-0,23","4,17","1,05","-0,23","0,17","1,09"
,100013,Artikel Nu,12.02.2026 21:55,erfüllt,Mitarbeiter D,D45,BA-1001,"55,35",0,"3,97","0,35",0,"-0,03","0,35"
,100009,Artikel Iota,13.02.2026 15:27,erfüllt,Mitarbeiter A,D45,BA-1003,"54,51","-0,32","4,31","-0,49","-0,32","0,31","0,66"
,100017,Artikel Rho,14.02.2026 15:38,erfüllt,Mitarbeiter B,D45,BA-1001,"55,39","-0,18","3,78","0,39","-0,18","-0,22","0,48"
,100011,Artikel Lambda,15.02.2026 18:05,erfüllt,Mitarbeiter C,D45,BA-1002,"56,04","-0,14","4,27","1,04","-0,14","0,27","1,08"
,100017,Artikel Rho,16.02.2026 08:49,nicht erfüllt,Mitarbeiter B,D45,BA-1002,"52,75","-0,32","4,27","-2,25","-0,32","0,27","2,29"
,100025,Artikel Nova,17.02.2026 08:46,erfüllt,Mitarbeiter A,D45,BA-1002,"55,75","-0,07","3,88","0,75","-0,07","-0,12","0,76"
,100024,Artikel Omega,17.02.2026 11:42,erfüllt,Mitarbeiter A,D45,BA-1002,"53,91","-0,33","4,32","-1,09","-0,33","0,32","1,18"
,100007,Artikel Eta,18.02.2026 00:17,erfüllt,Mitarbeiter D,D45,BA-1004,"56,18","0,09","4,29","1,18","0,09","0,29","1,22"
,100008,Artikel Theta,18.02.2026 01:44,erfüllt,Mitarbeiter C,D45,BA-1004,"55,52","0,17","4,31","0,52","0,17","0,31","0,63"
,100023,Artikel Psi,18.02.2026 08:38,erfüllt,Mitarbeiter A,D45,BA-1001,"53,78","0,28","4,11","-1,22","0,28","0,11","1,26"
,100019,Artikel Tau,18.02.2026 11:42,erfüllt,Mitarbeiter B,D45,BA-1003,"54,92","0,14","4,29","-0,08","0,14","0,29","0,33"
,100016,Artikel Pi,18.02.2026 12:08,erfüllt,Mitarbeiter C,D45,BA-1001,"54,7","-0,13","4,22","-0,3","-0,13","0,22","0,39"
,100006,Artikel Zeta,18.02.2026 15:16,erfüllt,Mitarbeiter B,D45,BA-1003,"54,36","0,12","4,19","-0,64","0,12","0,19","0,68"
,100014,Artikel Xi,18.02.2026 20:06,erfüllt,Mitarbeiter A,D45,BA-1002,"55,6","0,02","3,98","0,6","0,02","-0,02","0,6"
,100023,Artikel Psi,20.02.2026 09:21,erfüllt,Mitarbeiter C,D45,BA-1003,"55,39","0,04","3,89","0,39","0,04","-0,11","0,41"
,100023,Artikel Psi,20.02.2026 12:23,erfüllt,Mitarbeiter D,D45,BA-1001,"54,52","-0,3","3,7","-0,48","-0,3","-0,3","0,64"
,100020,Artikel Upsilon,20.02.2026 22:11,erfüllt,Mitarbeiter C,D45,BA-1004,"56,27","0,03","3,79","1,27","0,03","-0,21","1,29"
,100001,Artikel Alpha,21.02.2026 21:53,erfüllt,Mitarbeiter D,D45,BA-1002,"54,12","0,15","3,66","-0,88","0,15","-0,34","0,96"
,100007,Artikel Eta,22.02.2026 05:04,erfüllt,Mitarbeiter B,D45,BA-1001,"55,29","-0,17","3,73","0,29","-0,17","-0,27","0,43"
,100012,Artikel Mu,23.02.2026 14:43,erfüllt,Mitarbeiter B,D45,BA-1001,"56,07","0,22","3,67","1,07","0,22","-0,33","1,14"
,100006,Artikel Zeta,24.02.2026 01:24,erfüllt,Mitarbeiter C,D45,BA-1002,"55,12","-0,3","3,88","0,12","-0,3","-0,12","0,34"
,100013,Artikel Nu,24.02.2026 14:28,erfüllt,Mitarbeiter D,D45,BA-1003,"55,57","-0,28","4,14","0,57","-0,28","0,14","0,65"
,100024,Artikel Omega,25.02.2026 11:02,erfüllt,Mitarbeiter B,D45,BA-1003,"55,53","-0,21","4,3","0,53","-0,21","0,3","0,64"
,100003,Artikel Gamma,25.02.2026 23:26,nicht erfüllt,Mitarbeiter A,D45,BA-1004,"55,38","-0,14","3,5","0,38","-0,14","-0,5","0,64"
,100009,Artikel Iota,26.02.2026 05:53,erfüllt,Mitarbeiter B,D45,BA-1004,"56,01","0,15","4,26","1,01","0,15","0,26","1,05"
,100021,Artikel Phi,26.02.2026 16:11,erfüllt,Mitarbeiter A,D45,BA-1002,"54,78","0,22","4,17","-0,22","0,22","0,17","0,35"
,100015,Artikel Omikron,27.02.2026 10:57,erfüllt,Mitarbeiter B,D45,BA-1001,"56,22","-0,16","3,91","1,22","-0,16","-0,09","1,23"
,100020,Artikel Upsilon,28.02.2026 02:20,erfüllt,Mitarbeiter B,D45,BA-1004,"54,63","-0,32","4,24","-0,37","-0,32","0,24","0,54"
,100007,Artikel Eta,28.02.2026 06:49,erfüllt,Mitarbeiter C,D45,BA-1002,"54,45","-0,26","4,24","-0,55","-0,26","0,24","0,65"
,100007,Artikel Eta,03.03.2026 13:16,erfüllt,Mitarbeiter B,D45,BA-1001,"54,16","0,13","4,13","-0,84","0,13","0,13","0,86"
,100021,Artikel Phi,03.03.2026 13:27,erfüllt,Mitarbeiter C,D45,BA-1001,"54,12","0,22","4,14","-0,88","0,22","0,14","0,92"
,100004,Artikel Delta,03.03.2026 15:00,erfüllt,Mitarbeiter B,D45,BA-1004,"54,83","-0,04","3,81","-0,17","-0,04","-0,19","0,26"
,100010,Artikel Kappa,04.03.2026 03:39,nicht erfüllt,Mitarbeiter A,D45,BA-1004,"56,18","-0,58","3,73","1,18","-0,58","-0,27","1,34"
,100021,Artikel Phi,04.03.2026 12:46,erfüllt,Mitarbeiter B,D45,BA-1001,"54,25","-0,24","3,82","-0,75","-0,24","-0,18","0,81"
,100009,Artikel Iota,05.03.2026 01:26,erfüllt,Mitarbeiter A,D45,BA-1003,"55,09","0,18","3,93","0,09","0,18","-0,07","0,21"
,100019,Artikel Tau,05.03.2026 11:01,erfüllt,Mitarbeiter C,D45,BA-1001,"54,02","-0,33","4,08","-0,98","-0,33","0,08","1,04"
,100011,Artikel Lambda,05.03.2026 22:24,erfüllt,Mitarbeiter D,D45,BA-1003,"54,03","-0,01","4,06","-0,97","-0,01","0,06","0,97"
,100018,Artikel Sigma,06.03.2026 13:31,nicht erfüllt,Mitarbeiter A,D45,BA-1001,"54,54","-0,49","3,88","-0,46","-0,49","-0,12","0,68"
,100019,Artikel Tau,07.03.2026 11:48,erfüllt,Mitarbeiter A,D45,BA-1004,"54,74","-0,17","4,16","-0,26","-0,17","0,16","0,35"
,100003,Artikel Gamma,07.03.2026 14:10,nicht erfüllt,Mitarbeiter B,D45,BA-1004,"56,94","0,12","4,3","1,94","0,12","0,3","1,97"
,100016,Artikel Pi,09.03.2026 09:14,erfüllt,Mitarbeiter A,D45,BA-1001,"56,16","-0,29","3,89","1,16","-0,29","-0,11","1,2"
,100002,Artikel Beta,10.03.2026 17:35,erfüllt,Mitarbeiter C,D45,BA-1004,"54,47","0,33","4,11","-0,53","0,33","0,11","0,63"
,100011,Artikel Lambda,10.03.2026 21:45,erfüllt,Mitarbeiter A,D45,BA-1002,"53,94","0,02","3,96","-1,06","0,02","-0,04","1,06"
,100022,Artikel Chi,11.03.2026 21:17,erfüllt,Mitarbeiter C,D45,BA-1003,"53,98",0,"4,04","-1,02",0,"0,04","1,02"
,100014,Artikel Xi,12.03.2026 21:39,erfüllt,Mitarbeiter C,D45,BA-1004,"56,2","-0,28","3,71","1,2","-0,28","-0,29","1,27"
,100023,Artikel Psi,13.03.2026 13:50,erfüllt,Mitarbeiter C,D45,BA-1003,"54,73","0,29","3,66","-0,27","0,29","-0,34","0,52"
,100007,Artikel Eta,14.03.2026 13:24,erfüllt,Mitarbeiter A,D45,BA-1004,"56,21","-0,27","4,01","1,21","-0,27","0,01","1,24"
,100002,Artikel Beta,16.03.2026 06:03,erfüllt,Mitarbeiter A,D45,BA-1002,"54,47","0,22","4,28","-0,53","0,22","0,28","0,64"
,100002,Artikel Beta,16.03.2026 09:02,nicht erfüllt,Mitarbeiter D,D45,BA-1003,"53,28","0,01","4,04","-1,72","0,01","0,04","1,72"
,100019,Artikel Tau,17.03.2026 08:24,erfüllt,Mitarbeiter D,D45,BA-1002,"54,2","-0,23","3,72","-0,8","-0,23","-0,28","0,88"
,100016,Artikel Pi,20.03.2026 01:17,erfüllt,Mitarbeiter B,D45,BA-1003,"54,09","0,01","4,12","-0,91","0,01","0,12","0,92"
,100002,Artikel Beta,20.03.2026 13:39,nicht erfüllt,Mitarbeiter A,D45,BA-1001,"54,53","0,61","4,11","-0,47","0,61","0,11","0,78"
,100005,Artikel Epsilon,21.03.2026 19:34,erfüllt,Mitarbeiter A,D45,BA-1003,"55,85","0,33","3,75","0,85","0,33","-0,25","0,95"
,100002,Artikel Beta,22.03.2026 05:14,erfüllt,Mitarbeiter D,D45,BA-1001,"54,79","-0,21","4,28","-0,21","-0,21","0,28","0,41"
,100012,Artikel Mu,22.03.2026 12:34,erfüllt,Mitarbeiter D,D45,BA-1002,"55,25","-0,16","3,79","0,25","-0,16","-0,21","0,36"
,100009,Artikel Iota,25.03.2026 05:15,erfüllt,Mitarbeiter D,D45,BA-1001,"55,74","0,12","4,12","0,74","0,12","0,12","0,76"
,100016,Artikel Pi,25.03.2026 14:00,nicht erfüllt,Mitarbeiter B,D45,BA-1003,"53,95","-0,32","3,28","-1,05","-0,32","-0,72","1,31"
,100016,Artikel Pi,25.03.2026 18:20,erfüllt,Mitarbeiter C,D45,BA-1003,"54,77","0,28","4,19","-0,23","0,28","0,19","0,41"
,100003,Artikel Gamma,26.03.2026 01:42,nicht erfüllt,Mitarbeiter C,D45,BA-1004,"54,13","-0,61","3,86","-0,87","-0,61","-0,14","1,07"
,100017,Artikel Rho,26.03.2026 02:13,erfüllt,Mitarbeiter A,D45,BA-1002,"56,17","0,25","4,06","1,17","0,25","0,06","1,2"
,100023,Artikel Psi,26.03.2026 09:41,erfüllt,Mitarbeiter A,D45,BA-1001,"55,17","0,22","3,98","0,17","0,22","-0,02","0,28"
,100009,Artikel Iota,26.03.2026 17:57,erfüllt,Mitarbeiter A,D45,BA-1003,"55,15","-0,27","4,02","0,15","-0,27","0,02","0,31"
,100023,Artikel Psi,28.03.2026 02:01,erfüllt,Mitarbeiter C,D45,BA-1002,"54,76","-0,02","3,85","-0,24","-0,02","-0,15","0,28"
,100021,Artikel Phi,28.03.2026 14:31,erfüllt,Mitarbeiter C,D45,BA-1004,"56,21","0,29","3,8","1,21","0,29","-0,2","1,26"
,100017,Artikel Rho,30.03.2026 16:45,erfüllt,Mitarbeiter D,D45,BA-1003,"54,7","0,04","3,8","-0,3","0,04","-0,2","0,36"
,100020,Artikel Upsilon,31.03.2026 01:13,erfüllt,Mitarbeiter A,D45,BA-1003,"54,18","-0,16","3,79","-0,82","-0,16","-0,21","0,86"
,100018,Artikel Sigma,31.03.2026 04:31,nicht erfüllt,Mitarbeiter C,D45,BA-1004,"54,66","0,21","4,72","-0,34","0,21","0,72","0,82"
,100001,Artikel Alpha,31.03.2026 22:13,erfüllt,Mitarbeiter C,D45,BA-1001,"54,37","-0,24","3,77","-0,63","-0,24","-0,23","0,71"
,100004,Artikel Delta,01.04.2026 00:00,erfüllt,Mitarbeiter D,D45,BA-1001,"54,57","-0,26","4,26","-0,43","-0,26","0,26","0,57"
,100016,Artikel Pi,01.04.2026 08:44,erfüllt,Mitarbeiter C,D45,BA-1001,"54,22","-0,1","4,01","-0,78","-0,1","0,01","0,79"
,100014,Artikel Xi,02.04.2026 09:03,erfüllt,Mitarbeiter B,D45,BA-1002,"55,14","-0,13","3,71","0,14","-0,13","-0,29","0,35"
,100024,Artikel Omega,02.04.2026 20:03,erfüllt,Mitarbeiter B,D45,BA-1001,"56,23","0,18","4,09","1,23","0,18","0,09","1,25"
,100020,Artikel Upsilon,03.04.2026 04:59,nicht erfüllt,Mitarbeiter D,D45,BA-1004,"56,11","-0,21","3,26","1,11","-0,21","-0,74","1,35"
,100011,Artikel Lambda,04.04.2026 19:24,erfüllt,Mitarbeiter B,D45,BA-1003,"54,48","-0,21","3,7","-0,52","-0,21","-0,3","0,64"
,100024,Artikel Omega,05.04.2026 03:01,erfüllt,Mitarbeiter D,D45,BA-1001,"54,87","0,13","3,81","-0,13","0,13","-0,19","0,26"
,100009,Artikel Iota,05.04.2026 10:03,erfüllt,Mitarbeiter A,D45,BA-1004,"55,33","-0,08","4,14","0,33","-0,08","0,14","0,37"
,100002,Artikel Beta,05.04.2026 12:50,nicht erfüllt,Mitarbeiter A,D45,BA-1001,"53,13","-0,1","3,91","-1,87","-0,1","-0,09","1,87"
,100007,Artikel Eta,05.04.2026 19:34,erfüllt,Mitarbeiter A,D45,BA-1004,"55,19","-0,2","4,3","0,19","-0,2","0,3","0,41"
,100004,Artikel Delta,06.04.2026 09:10,erfüllt,Mitarbeiter A,D45,BA-1003,"53,97","0,29","3,75","-1,03","0,29","-0,25","1,1"
,100023,Artikel Psi,06.04.2026 15:15,erfüllt,Mitarbeiter B,D45,BA-1001,"55,17","-0,29","4,16","0,17","-0,29","0,16","0,37"
,100014,Artikel Xi,07.04.2026 07:51,erfüllt,Mitarbeiter C,D45,BA-1004,"55,56","-0,26","3,94","0,56","-0,26","-0,06","0,62"
,100017,Artikel Rho,08.04.2026 03:58,erfüllt,Mitarbeiter A,D45,BA-1001,"53,95","-0,21","3,89","-1,05","-0,21","-0,11","1,08"
,100025,Artikel Nova,10.04.2026 03:32,erfüllt,Mitarbeiter B,D45,BA-1004,"54,15","0,08","4,27","-0,85","0,08","0,27","0,9"
,100016,Artikel Pi,12.04.2026 23:39,erfüllt,Mitarbeiter B,D45,BA-1002,"55,15","0,2","3,92","0,15","0,2","-0,08","0,26"
,100012,Artikel Mu,14.04.2026 00:35,erfüllt,Mitarbeiter B,D45,BA-1004,"55,49","0,15","4,09","0,49","0,15","0,09","0,52"
,100025,Artikel Nova,15.04.2026 16:47,erfüllt,Mitarbeiter B,D45,BA-1001,"54,57","-0,27","3,74","-0,43","-0,27","-0,26","0,57"
,100005,Artikel Epsilon,16.04.2026 08:02,erfüllt,Mitarbeiter A,D45,BA-1002,"53,92","-0,22","3,68","-1,08","-0,22","-0,32","1,15"
,100020,Artikel Upsilon,16.04.2026 12:18,erfüllt,Mitarbeiter A,D45,BA-1003,"53,95","0,17","3,97","-1,05","0,17","-0,03","1,06"
,100009,Artikel Iota,17.04.2026 04:48,erfüllt,Mitarbeiter D,D45,BA-1002,"55,67","-0,2","4,22","0,67","-0,2","0,22","0,73"
,100015,Artikel Omikron,17.04.2026 06:02,erfüllt,Mitarbeiter C,D45,BA-1003,"54,16","-0,06","3,89","-0,84","-0,06","-0,11","0,85"
,100015,Artikel Omikron,17.04.2026 10:38,erfüllt,Mitarbeiter C,D45,BA-1003,"55,93","0,08","3,79","0,93","0,08","-0,21","0,96"
,100004,Artikel Delta,18.04.2026 11:35,erfüllt,Mitarbeiter C,D45,BA-1002,"53,91","-0,24","3,91","-1,09","-0,24","-0,09","1,12"
,100018,Artikel Sigma,18.04.2026 13:05,erfüllt,Mitarbeiter C,D45,BA-1003,"55,99","0,3","4,2","0,99","0,3","0,2","1,05"
,100018,Artikel Sigma,18.04.2026 23:15,erfüllt,Mitarbeiter C,D45,BA-1003,"54,34","-0,18","4,21","-0,66","-0,18","0,21","0,72"
,100002,Artikel Beta,19.04.2026 00:11,erfüllt,Mitarbeiter D,D45,BA-1002,"55,47","-0,32","3,89","0,47","-0,32","-0,11","0,58"
,100018,Artikel Sigma,19.04.2026 00:55,nicht erfüllt,Mitarbeiter A,D45,BA-1003,"56,79","-0,15","4,3","1,79","-0,15","0,3","1,82"
,100006,Artikel Zeta,20.04.2026 05:17,nicht erfüllt,Mitarbeiter D,D45,BA-1002,"54,27","-0,16","3,41","-0,73","-0,16","-0,59","0,95"
,100016,Artikel Pi,20.04.2026 12:08,erfüllt,Mitarbeiter A,D45,BA-1003,"55,72","0,12","3,86","0,72","0,12","-0,14","0,74"
,100011,Artikel Lambda,20.04.2026 15:33,erfüllt,Mitarbeiter B,D45,BA-1003,"53,86","0,04","3,78","-1,14","0,04","-0,22","1,16"
,100003,Artikel Gamma,20.04.2026 21:03,nicht erfüllt,Mitarbeiter B,D45,BA-1001,"53,3","0,23","3,8","-1,7","0,23","-0,2","1,73"
,100005,Artikel Epsilon,20.04.2026 22:29,erfüllt,Mitarbeiter C,D45,BA-1004,"54,47","0,02","3,92","-0,53","0,02","-0,08","0,54"
,100017,Artikel Rho,21.04.2026 16:45,erfüllt,Mitarbeiter A,D45,BA-1004,"55,77","0,21","3,66","0,77","0,21","-0,34","0,87"
,100011,Artikel Lambda,21.04.2026 19:08,erfüllt,Mitarbeiter D,D45,BA-1004,"54,38","-0,03","3,84","-0,62","-0,03","-0,16","0,64"
,100011,Artikel Lambda,21.04.2026 21:07,erfüllt,Mitarbeiter B,D45,BA-1001,"55,06","-0,14","4,31","0,06","-0,14","0,31","0,35"
,100008,Artikel Theta,22.04.2026 00:59,erfüllt,Mitarbeiter C,D45,BA-1003,"54,16","0,24","3,67","-0,84","0,24","-0,33","0,93"
,100013,Artikel Nu,22.04.2026 06:50,erfüllt,Mitarbeiter B,D45,BA-1004,"54,63",0,"3,92","-0,37",0,"-0,08","0,38"
,100022,Artikel Chi,24.04.2026 01:22,erfüllt,Mitarbeiter C,D45,BA-1003,"54,83","-0,19","3,73","-0,17","-0,19","-0,27","0,37"
,100010,Artikel Kappa,24.04.2026 11:18,erfüllt,Mitarbeiter A,D45,BA-1002,"54,63","-0,17","4,22","-0,37","-0,17","0,22","0,46"
,100014,Artikel Xi,27.04.2026 20:35,erfüllt,Mitarbeiter D,D45,BA-1004,"54,57","-0,34","4,26","-0,43","-0,34","0,26","0,61"
,100014,Artikel Xi,27.04.2026 22:51,erfüllt,Mitarbeiter A,D45,BA-1002,"56,08","0,07","4,23","1,08","0,07","0,23","1,11"
,100005,Artikel Epsilon,29.04.2026 03:34,erfüllt,Mitarbeiter B,D45,BA-1001,"54,5","-0,32","4,01","-0,5","-0,32","0,01","0,59"
,100023,Artikel Psi,29.04.2026 15:12,nicht erfüllt,Mitarbeiter B,D45,BA-1004,"55,73","-0,14","4,62","0,73","-0,14","0,62","0,97"
,100013,Artikel Nu,30.04.2026 05:18,erfüllt,Mitarbeiter B,D45,BA-1001,"54,62","0,23","3,73","-0,38","0,23","-0,27","0,52"
,100020,Artikel Upsilon,30.04.2026 08:19,erfüllt,Mitarbeiter C,D45,BA-1003,"54,95","-0,07","4,33","-0,05","-0,07","0,33","0,34"
,100016,Artikel Pi,30.04.2026 10:43,erfüllt,Mitarbeiter D,D45,BA-1003,"54,51","-0,18","3,75","-0,49","-0,18","-0,25","0,58"
,100023,Artikel Psi,01.05.2026 04:03,erfüllt,Mitarbeiter D,D45,BA-1001,"54,55","0,11","3,99","-0,45","0,11","-0,01","0,46"
,100011,Artikel Lambda,01.05.2026 08:16,nicht erfüllt,Mitarbeiter A,D45,BA-1003,"53,77","0,62","4,28","-1,23","0,62","0,28","1,41"
,100011,Artikel Lambda,02.05.2026 22:48,erfüllt,Mitarbeiter D,D45,BA-1002,"55,82","-0,1","3,89","0,82","-0,1","-0,11","0,83"
,100016,Artikel Pi,02.05.2026 23:29,erfüllt,Mitarbeiter A,D45,BA-1003,"55,5","0,23","4,13","0,5","0,23","0,13","0,57"
,100023,Artikel Psi,03.05.2026 02:36,erfüllt,Mitarbeiter C,D45,BA-1002,"55,9","0,32","3,66","0,9","0,32","-0,34","1,01"
,100005,Artikel Epsilon,03.05.2026 03:04,erfüllt,Mitarbeiter B,D45,BA-1004,"54,3","0,04","4,3","-0,7","0,04","0,3","0,76"
,100016,Artikel Pi,05.05.2026 00:30,erfüllt,Mitarbeiter D,D45,BA-1001,"55,4","-0,08","4,13","0,4","-0,08","0,13","0,43"
,100013,Artikel Nu,05.05.2026 02:16,erfüllt,Mitarbeiter A,D45,BA-1002,"54,67","0,26","3,9","-0,33","0,26","-0,1","0,43"
,100006,Artikel Zeta,06.05.2026 17:10,erfüllt,Mitarbeiter A,D45,BA-1002,"55,48","-0,31","4,02","0,48","-0,31","0,02","0,57"
,100024,Artikel Omega,07.05.2026 08:33,erfüllt,Mitarbeiter A,D45,BA-1003,"55,05","0,18","4,24","0,05","0,18","0,24","0,3"
,100013,Artikel Nu,07.05.2026 13:29,erfüllt,Mitarbeiter D,D45,BA-1002,"56,19","-0,19","3,87","1,19","-0,19","-0,13","1,21"
,100002,Artikel Beta,07.05.2026 22:55,erfüllt,Mitarbeiter C,D45,BA-1003,"53,82","-0,23","4,23","-1,18","-0,23","0,23","1,22"
,100009,Artikel Iota,08.05.2026 13:40,erfüllt,Mitarbeiter D,D45,BA-1004,"54,69","0,2","4,3","-0,31","0,2","0,3","0,48"
,100009,Artikel Iota,09.05.2026 02:25,erfüllt,Mitarbeiter A,D45,BA-1002,"55,4","-0,19","3,75","0,4","-0,19","-0,25","0,51"
,100008,Artikel Theta,09.05.2026 10:37,erfüllt,Mitarbeiter A,D45,BA-1004,"54,38","0,02","3,74","-0,62","0,02","-0,26","0,67"
,100006,Artikel Zeta,10.05.2026 10:25,erfüllt,Mitarbeiter B,D45,BA-1004,"54,17","0,32","4,28","-0,83","0,32","0,28","0,93"
,100003,Artikel Gamma,11.05.2026 13:39,erfüllt,Mitarbeiter B,D45,BA-1001,"55,83","-0,27","4,24","0,83","-0,27","0,24","0,91"
,100001,Artikel Alpha,11.05.2026 20:35,erfüllt,Mitarbeiter B,D45,BA-1001,"55,08","-0,03","3,86","0,08","-0,03","-0,14","0,16"
,100010,Artikel Kappa,12.05.2026 23:40,nicht erfüllt,Mitarbeiter A,D45,BA-1002,"57,09","0,3","4,07","2,09","0,3","0,07","2,11"
,100019,Artikel Tau,13.05.2026 17:32,erfüllt,Mitarbeiter B,D45,BA-1004,"55,29","0,22","3,86","0,29","0,22","-0,14","0,39"
,100013,Artikel Nu,14.05.2026 00:15,nicht erfüllt,Mitarbeiter C,D45,BA-1003,"57,1","-0,07","4,07","2,1","-0,07","0,07","2,1"
,100012,Artikel Mu,14.05.2026 20:12,erfüllt,Mitarbeiter A,D45,BA-1003,"54,84","0,23","3,67","-0,16","0,23","-0,33","0,43"
,100020,Artikel Upsilon,15.05.2026 04:09,erfüllt,Mitarbeiter C,D45,BA-1002,"54,08","-0,05","4,3","-0,92","-0,05","0,3","0,97"
,100016,Artikel Pi,17.05.2026 19:37,erfüllt,Mitarbeiter C,D45,BA-1003,"54,51","0,23","3,75","-0,49","0,23","-0,25","0,6"
,100004,Artikel Delta,18.05.2026 14:03,erfüllt,Mitarbeiter D,D45,BA-1003,"55,59","-0,01","3,75","0,59","-0,01","-0,25","0,64"
,100004,Artikel Delta,18.05.2026 19:32,erfüllt,Mitarbeiter D,D45,BA-1001,"55,56","0,05","3,89","0,56","0,05","-0,11","0,57"
,100023,Artikel Psi,18.05.2026 22:34,nicht erfüllt,Mitarbeiter B,D45,BA-1003,"53,44","0,16","4,17","-1,56","0,16","0,17","1,58"
,100024,Artikel Omega,19.05.2026 05:17,erfüllt,Mitarbeiter A,D45,BA-1001,"54,97","-0,29","3,72","-0,03","-0,29","-0,28","0,4"
,100007,Artikel Eta,19.05.2026 13:49,erfüllt,Mitarbeiter B,D45,BA-1001,"54,91","0,16","3,84","-0,09","0,16","-0,16","0,24"
,100025,Artikel Nova,22.05.2026 04:52,erfüllt,Mitarbeiter C,D45,BA-1003,"55,1","0,26","4,33","0,1","0,26","0,33","0,43"
,100013,Artikel Nu,23.05.2026 12:20,erfüllt,Mitarbeiter A,D45,BA-1003,"53,95","0,33","3,69","-1,05","0,33","-0,31","1,14"
,100011,Artikel Lambda,24.05.2026 08:51,nicht erfüllt,Mitarbeiter A,D45,BA-1003,"57,29","-0,18","4,27","2,29","-0,18","0,27","2,31"
,100023,Artikel Psi,24.05.2026 15:08,erfüllt,Mitarbeiter C,D45,BA-1002,"54,97","0,33","4,3","-0,03","0,33","0,3","0,45"
,100002,Artikel Beta,25.05.2026 02:27,erfüllt,Mitarbeiter B,D45,BA-1003,"53,72","-0,07","4,2","-1,28","-0,07","0,2","1,3"
,100009,Artikel Iota,25.05.2026 14:03,nicht erfüllt,Mitarbeiter B,D45,BA-1003,"56,97","-0,28","3,81","1,97","-0,28","-0,19",2
,100007,Artikel Eta,26.05.2026 06:31,nicht erfüllt,Mitarbeiter C,D45,BA-1001,"56,96","0,08","3,68","1,96","0,08","-0,32","1,99"
,100004,Artikel Delta,27.05.2026 13:09,erfüllt,Mitarbeiter A,D45,BA-1003,"54,55","-0,33","4,22","-0,45","-0,33","0,22","0,6"
,100020,Artikel Upsilon,27.05.2026 16:34,erfüllt,Mitarbeiter D,D45,BA-1001,"55,54","0,23","4,02","0,54","0,23","0,02","0,59"
,100003,Artikel Gamma,28.05.2026 16:00,erfüllt,Mitarbeiter A,D45,BA-1002,"54,19","-0,03","3,98","-0,81","-0,03","-0,02","0,81"
,100024,Artikel Omega,29.05.2026 17:54,erfüllt,Mitarbeiter B,D45,BA-1001,"56,18","-0,08","4,11","1,18","-0,08","0,11","1,19"
,100010,Artikel Kappa,30.05.2026 03:35,erfüllt,Mitarbeiter C,D45,BA-1002,"56,14","0,3","4,22","1,14","0,3","0,22","1,2"
,100006,Artikel Zeta,30.05.2026 06:58,erfüllt,Mitarbeiter C,D45,BA-1003,"54,92","0,33","4,12","-0,08","0,33","0,12","0,36"
,100011,Artikel Lambda,30.05.2026 11:33,erfüllt,Mitarbeiter B,D45,BA-1002,"56,14","0,17","4,02","1,14","0,17","0,02","1,15"
,100016,Artikel Pi,30.05.2026 19:12,erfüllt,Mitarbeiter A,D45,BA-1004,"55,34","-0,05","3,95","0,34","-0,05","-0,05","0,35"
,100012,Artikel Mu,01.06.2026 22:46,erfüllt,Mitarbeiter C,D45,BA-1001,"54,52","-0,19","4,23","-0,48","-0,19","0,23","0,57"
,100004,Artikel Delta,02.06.2026 09:24,erfüllt,Mitarbeiter B,D45,BA-1004,"54,68","0,27","4,24","-0,32","0,27","0,24","0,48"
,100001,Artikel Alpha,02.06.2026 10:09,erfüllt,Mitarbeiter D,D45,BA-1004,"55,28","-0,12","3,83","0,28","-0,12","-0,17","0,35"
,100003,Artikel Gamma,02.06.2026 15:00,erfüllt,Mitarbeiter B,D45,BA-1001,"53,97","0,16","4,17","-1,03","0,16","0,17","1,06"
,100006,Artikel Zeta,02.06.2026 15:52,erfüllt,Mitarbeiter B,D45,BA-1004,"55,51","-0,03","3,66","0,51","-0,03","-0,34","0,61"
,100025,Artikel Nova,02.06.2026 23:03,erfüllt,Mitarbeiter A,D45,BA-1003,"55,2","-0,03","3,83","0,2","-0,03","-0,17","0,26"
,100007,Artikel Eta,03.06.2026 03:16,erfüllt,Mitarbeiter C,D45,BA-1002,"55,8","0,21","3,99","0,8","0,21","-0,01","0,83"
,100002,Artikel Beta,03.06.2026 09:18,erfüllt,Mitarbeiter A,D45,BA-1001,"56,22","0,25","4,07","1,22","0,25","0,07","1,25"
,100011,Artikel Lambda,03.06.2026 20:39,erfüllt,Mitarbeiter A,D45,BA-1001,"55,7","0,04","4,3","0,7","0,04","0,3","0,76"
,100010,Artikel Kappa,04.06.2026 00:35,erfüllt,Mitarbeiter A,D45,BA-1004,"54,67","0,34","4,14","-0,33","0,34","0,14","0,49"
,100016,Artikel Pi,05.06.2026 22:45,erfüllt,Mitarbeiter B,D45,BA-1004,"54,84","0,18","3,94","-0,16","0,18","-0,06","0,25"
,100013,Artikel Nu,06.06.2026 06:49,erfüllt,Mitarbeiter D,D45,BA-1001,"54,45","0,23","3,67","-0,55","0,23","-0,33","0,68"
,100022,Artikel Chi,08.06.2026 09:44,erfüllt,Mitarbeiter C,D45,BA-1003,"54,26","0,15","4,08","-0,74","0,15","0,08","0,76"
,100021,Artikel Phi,08.06.2026 15:44,erfüllt,Mitarbeiter C,D45,BA-1002,"55,41","-0,01","4,16","0,41","-0,01","0,16","0,44"
,100013,Artikel Nu,10.06.2026 09:37,erfüllt,Mitarbeiter B,D45,BA-1003,"55,88","-0,25","4,24","0,88","-0,25","0,24","0,95"
,100015,Artikel Omikron,11.06.2026 09:56,erfüllt,Mitarbeiter A,D45,BA-1003,"54,5","0,03","4,05","-0,5","0,03","0,05","0,5"
,100013,Artikel Nu,12.06.2026 09:03,erfüllt,Mitarbeiter D,D45,BA-1002,"54,3","0,19","4,26","-0,7","0,19","0,26","0,77"
,100014,Artikel Xi,12.06.2026 23:26,erfüllt,Mitarbeiter B,D45,BA-1003,"55,57","0,19","3,67","0,57","0,19","-0,33","0,69"
,100011,Artikel Lambda,13.06.2026 07:10,erfüllt,Mitarbeiter D,D45,BA-1003,"55,45","0,18","4,22","0,45","0,18","0,22","0,53"
,100013,Artikel Nu,15.06.2026 11:54,erfüllt,Mitarbeiter D,D45,BA-1003,"54,9","-0,2","4,24","-0,1","-0,2","0,24","0,33"
,100018,Artikel Sigma,15.06.2026 14:28,erfüllt,Mitarbeiter C,D45,BA-1002,"55,02","-0,16","4,04","0,02","-0,16","0,04","0,17"
,100012,Artikel Mu,19.06.2026 13:53,erfüllt,Mitarbeiter A,D45,BA-1003,"55,49","-0,21","4,06","0,49","-0,21","0,06","0,54"
,100019,Artikel Tau,21.06.2026 04:13,erfüllt,Mitarbeiter C,D45,BA-1004,"54,96","0,05","3,81","-0,04","0,05","-0,19","0,2"
,100020,Artikel Upsilon,21.06.2026 16:41,nicht erfüllt,Mitarbeiter B,D45,BA-1003,"55,84","-0,72","3,7","0,84","-0,72","-0,3","1,15"
,100019,Artikel Tau,21.06.2026 17:18,erfüllt,Mitarbeiter C,D45,BA-1003,"54,94","-0,29","3,73","-0,06","-0,29","-0,27","0,4"
,100002,Artikel Beta,21.06.2026 19:51,nicht erfüllt,Mitarbeiter D,D45,BA-1003,"54,42","-0,04","3,38","-0,58","-0,04","-0,62","0,85"
,100009,Artikel Iota,22.06.2026 00:34,nicht erfüllt,Mitarbeiter A,D45,BA-1003,"57,23","-0,16","4,32","2,23","-0,16","0,32","2,26"
,100018,Artikel Sigma,22.06.2026 03:48,erfüllt,Mitarbeiter C,D45,BA-1004,"54,59","0,01","4,21","-0,41","0,01","0,21","0,46"
,100019,Artikel Tau,24.06.2026 16:15,erfüllt,Mitarbeiter C,D45,BA-1001,"54,35","0,19","3,84","-0,65","0,19","-0,16","0,7"
,100014,Artikel Xi,25.06.2026 14:10,erfüllt,Mitarbeiter B,D45,BA-1001,"56,16","0,05","4,33","1,16","0,05","0,33","1,21"
,100014,Artikel Xi,26.06.2026 10:27,erfüllt,Mitarbeiter D,D45,BA-1004,"55,92","-0,24","3,68","0,92","-0,24","-0,32",1
,100006,Artikel Zeta,27.06.2026 06:12,nicht erfüllt,Mitarbeiter A,D45,BA-1003,"56,16","-0,33","4,54","1,16","-0,33","0,54","1,32"
,100005,Artikel Epsilon,27.06.2026 12:47,erfüllt,Mitarbeiter A,D45,BA-1001,"54,71","-0,03","3,8","-0,29","-0,03","-0,2","0,35"
,100015,Artikel Omikron,28.06.2026 04:36,erfüllt,Mitarbeiter D,D45,BA-1002,"55,96","-0,31","3,77","0,96","-0,31","-0,23","1,03"
,100023,Artikel Psi,29.06.2026 09:02,erfüllt,Mitarbeiter C,D45,BA-1003,"54,25","0,04","4,02","-0,75","0,04","0,02","0,75"
,100018,Artikel Sigma,29.06.2026 11:02,erfüllt,Mitarbeiter B,D45,BA-1004,"54,66","0,33","4,11","-0,34","0,33","0,11","0,49"
,100004,Artikel Delta,29.06.2026 18:39,erfüllt,Mitarbeiter B,D45,BA-1004,"54,1","-0,13","3,69","-0,9","-0,13","-0,31","0,96"
,100011,Artikel Lambda,30.06.2026 10:55,erfüllt,Mitarbeiter B,D45,BA-1004,"55,38","-0,26","4,22","0,38","-0,26","0,22","0,51"
,100014,Artikel Xi,01.07.2026 06:32,erfüllt,Mitarbeiter C,D45,BA-1003,"54,77","0,15","3,69","-0,23","0,15","-0,31","0,41"
,100018,Artikel Sigma,01.07.2026 10:51,erfüllt,Mitarbeiter C,D45,BA-1001,"54,29","0,16","3,8","-0,71","0,16","-0,2","0,75"
,100023,Artikel Psi,01.07.2026 14:32,erfüllt,Mitarbeiter C,D45,BA-1003,"55,38","-0,3","4,03","0,38","-0,3","0,03","0,49"
,100006,Artikel Zeta,01.07.2026 21:12,erfüllt,Mitarbeiter B,D45,BA-1002,"53,75","-0,21","3,81","-1,25","-0,21","-0,19","1,28"
,100015,Artikel Omikron,02.07.2026 13:58,nicht erfüllt,Mitarbeiter A,D45,BA-1003,"54,48","0,09","4,5","-0,52","0,09","0,5","0,73"
,100003,Artikel Gamma,02.07.2026 13:59,nicht erfüllt,Mitarbeiter B,D45,BA-1003,"54,37","-0,25","4,56","-0,63","-0,25","0,56","0,88"
,100011,Artikel Lambda,02.07.2026 22:49,erfüllt,Mitarbeiter C,D45,BA-1004,"54,17","-0,02","3,96","-0,83","-0,02","-0,04","0,83"
,100009,Artikel Iota,03.07.2026 01:08,erfüllt,Mitarbeiter A,D45,BA-1004,"55,77","-0,31","3,72","0,77","-0,31","-0,28","0,88"
,100020,Artikel Upsilon,03.07.2026 14:48,erfüllt,Mitarbeiter B,D45,BA-1003,"55,6","0,19","3,76","0,6","0,19","-0,24","0,67"
,100014,Artikel Xi,03.07.2026 19:12,erfüllt,Mitarbeiter B,D45,BA-1001,"55,58","-0,03","4,3","0,58","-0,03","0,3","0,65"
,100012,Artikel Mu,05.07.2026 16:30,erfüllt,Mitarbeiter B,D45,BA-1004,"55,5","-0,3","4,21","0,5","-0,3","0,21","0,62"
,100023,Artikel Psi,06.07.2026 03:54,erfüllt,Mitarbeiter D,D45,BA-1001,"54,8","-0,15","4,32","-0,2","-0,15","0,32","0,41"
,100020,Artikel Upsilon,06.07.2026 16:32,nicht erfüllt,Mitarbeiter B,D45,BA-1003,"55,97","-0,77","3,97","0,97","-0,77","-0,03","1,24"
,100011,Artikel Lambda,07.07.2026 05:38,erfüllt,Mitarbeiter B,D45,BA-1003,"56,15","0,03","3,88","1,15","0,03","-0,12","1,16"
,100004,Artikel Delta,09.07.2026 11:45,erfüllt,Mitarbeiter B,D45,BA-1002,"55,48","-0,07","4,17","0,48","-0,07","0,17","0,51"
,100011,Artikel Lambda,11.07.2026 07:08,erfüllt,Mitarbeiter B,D45,BA-1002,"53,76","0,32","4,26","-1,24","0,32","0,26","1,31"
,100013,Artikel Nu,13.07.2026 00:07,erfüllt,Mitarbeiter A,D45,BA-1001,"53,83","0,17","3,67","-1,17","0,17","-0,33","1,23"
,100004,Artikel Delta,13.07.2026 01:10,erfüllt,Mitarbeiter C,D45,BA-1003,"56,24","-0,01","4,04","1,24","-0,01","0,04","1,24"
,100010,Artikel Kappa,13.07.2026 03:47,nicht erfüllt,Mitarbeiter C,D45,BA-1003,"54,66","0,04","3,24","-0,34","0,04","-0,76","0,83"
,100010,Artikel Kappa,13.07.2026 21:13,erfüllt,Mitarbeiter B,D45,BA-1004,"56,23","0,13","4,1","1,23","0,13","0,1","1,24"
,100020,Artikel Upsilon,14.07.2026 06:45,erfüllt,Mitarbeiter C,D45,BA-1003,"54,89","0,3","3,81","-0,11","0,3","-0,19","0,37"
,100011,Artikel Lambda,14.07.2026 07:28,erfüllt,Mitarbeiter A,D45,BA-1003,"56,03","-0,1","4,22","1,03","-0,1","0,22","1,06"
,100021,Artikel Phi,14.07.2026 09:58,erfüllt,Mitarbeiter A,D45,BA-1002,"54,12","0,01","3,96","-0,88","0,01","-0,04","0,88"
,100008,Artikel Theta,14.07.2026 11:05,erfüllt,Mitarbeiter A,D45,BA-1001,"53,75","0,1","3,8","-1,25","0,1","-0,2","1,27"
,100019,Artikel Tau,14.07.2026 19:11,erfüllt,Mitarbeiter C,D45,BA-1003,"53,73","0,07","4,34","-1,27","0,07","0,34","1,32"
,100013,Artikel Nu,16.07.2026 14:29,erfüllt,Mitarbeiter A,D45,BA-1002,"53,78","-0,08","4,06","-1,22","-0,08","0,06","1,22"
,100002,Artikel Beta,16.07.2026 15:42,erfüllt,Mitarbeiter A,D45,BA-1003,"53,92","-0,05","4,22","-1,08","-0,05","0,22","1,1"
,100005,Artikel Epsilon,16.07.2026 15:48,nicht erfüllt,Mitarbeiter C,D45,BA-1001,"56,89","0,04","3,9","1,89","0,04","-0,1","1,89"
,100022,Artikel Chi,17.07.2026 01:22,erfüllt,Mitarbeiter B,D45,BA-1003,"55,21","-0,03","4,22","0,21","-0,03","0,22","0,31"
,100008,Artikel Theta,17.07.2026 23:52,erfüllt,Mitarbeiter B,D45,BA-1001,"55,31","-0,03","3,67","0,31","-0,03","-0,33","0,45"
,100021,Artikel Phi,20.07.2026 08:52,erfüllt,Mitarbeiter A,D45,BA-1004,"54,68","-0,24","3,82","-0,32","-0,24","-0,18","0,44"
,100015,Artikel Omikron,21.07.2026 04:31,erfüllt,Mitarbeiter C,D45,BA-1003,"55,82","-0,15","3,94","0,82","-0,15","-0,06","0,84"
,100001,Artikel Alpha,21.07.2026 16:11,nicht erfüllt,Mitarbeiter A,D45,BA-1002,"57,07","0,06","4,28","2,07","0,06","0,28","2,09"
,100004,Artikel Delta,21.07.2026 22:37,erfüllt,Mitarbeiter D,D45,BA-1002,"54,68","-0,29","3,94","-0,32","-0,29","-0,06","0,44"
,100003,Artikel Gamma,22.07.2026 06:07,erfüllt,Mitarbeiter C,D45,BA-1002,"54,9","-0,07","3,98","-0,1","-0,07","-0,02","0,12"
,100025,Artikel Nova,23.07.2026 08:56,nicht erfüllt,Mitarbeiter A,D45,BA-1004,"55,85","-0,06","3,54","0,85","-0,06","-0,46","0,97"
,100006,Artikel Zeta,24.07.2026 15:52,erfüllt,Mitarbeiter A,D45,BA-1001,"55,98","-0,12","3,77","0,98","-0,12","-0,23","1,01"
,100004,Artikel Delta,25.07.2026 05:27,erfüllt,Mitarbeiter C,D45,BA-1003,"54,19","0,13","4,17","-0,81","0,13","0,17","0,84"
,100002,Artikel Beta,25.07.2026 20:31,nicht erfüllt,Mitarbeiter C,D45,BA-1001,"53,3","0,1","3,94","-1,7","0,1","-0,06","1,7"
,100005,Artikel Epsilon,25.07.2026 22:26,erfüllt,Mitarbeiter B,D45,BA-1001,"55,54","-0,06","4,29","0,54","-0,06","0,29","0,62"
,100013,Artikel Nu,26.07.2026 07:41,erfüllt,Mitarbeiter A,D45,BA-1004,"54,05","0,11","4,27","-0,95","0,11","0,27","0,99"
,100015,Artikel Omikron,26.07.2026 13:55,erfüllt,Mitarbeiter D,D45,BA-1002,"54,97","0,03","4,12","-0,03","0,03","0,12","0,13"
,100015,Artikel Omikron,26.07.2026 14:24,erfüllt,Mitarbeiter D,D45,BA-1001,"55,44","0,06","4,08","0,44","0,06","0,08","0,45"
,100025,Artikel Nova,27.07.2026 00:35,erfüllt,Mitarbeiter D,D45,BA-1003,"53,89","-0,15","3,9","-1,11","-0,15","-0,1","1,12"
,100005,Artikel Epsilon,27.07.2026 10:47,erfüllt,Mitarbeiter B,D45,BA-1002,"54,28","0,15","4,21","-0,72","0,15","0,21","0,76"
,100001,Artikel Alpha,27.07.2026 19:02,erfüllt,Mitarbeiter D,D45,BA-1003,"55,7","0,11","4,27","0,7","0,11","0,27","0,76"
,100025,Artikel Nova,28.07.2026 03:16,erfüllt,Mitarbeiter D,D45,BA-1001,"55,34","-0,22","3,91","0,34","-0,22","-0,09","0,41"
,100022,Artikel Chi,29.07.2026 13:23,erfüllt,Mitarbeiter A,D45,BA-1002,"55,61","0,18","4,03","0,61","0,18","0,03","0,64"
,100003,Artikel Gamma,29.07.2026 19:00,erfüllt,Mitarbeiter B,D45,BA-1003,"53,8","0,19","4,24","-1,2","0,19","0,24","1,24"
,100017,Artikel Rho,30.07.2026 08:04,erfüllt,Mitarbeiter C,D45,BA-1004,"54,66","0,28","4,11","-0,34","0,28","0,11","0,45"
,100018,Artikel Sigma,30.07.2026 21:16,erfüllt,Mitarbeiter C,D45,BA-1003,"54,38","-0,28","3,88","-0,62","-0,28","-0,12","0,69"
,100020,Artikel Upsilon,01.08.2026 00:43,erfüllt,Mitarbeiter C,D45,BA-1002,"55,67","-0,18","3,9","0,67","-0,18","-0,1","0,7"
,100011,Artikel Lambda,01.08.2026 01:59,erfüllt,Mitarbeiter C,D45,BA-1001,"54,41","0,2","3,81","-0,59","0,2","-0,19","0,65"
,100025,Artikel Nova,01.08.2026 07:04,erfüllt,Mitarbeiter C,D45,BA-1002,"54,39","-0,12","4,04","-0,61","-0,12","0,04","0,62"
,100001,Artikel Alpha,01.08.2026 17:14,erfüllt,Mitarbeiter B,D45,BA-1002,"55,58","0,12","3,9","0,58","0,12","-0,1","0,6"
,100014,Artikel Xi,03.08.2026 11:08,erfüllt,Mitarbeiter B,D45,BA-1001,"53,99","0,1","3,87","-1,01","0,1","-0,13","1,02"
,100007,Artikel Eta,03.08.2026 21:37,erfüllt,Mitarbeiter B,D45,BA-1001,"55,7","-0,31","4,07","0,7","-0,31","0,07","0,77"
,100001,Artikel Alpha,04.08.2026 00:26,nicht erfüllt,Mitarbeiter D,D45,BA-1001,"55,88","-0,25","4,61","0,88","-0,25","0,61","1,1"
,100005,Artikel Epsilon,04.08.2026 03:25,erfüllt,Mitarbeiter C,D45,BA-1002,"55,36","0,07","4,1","0,36","0,07","0,1","0,38"
,100010,Artikel Kappa,04.08.2026 06:47,nicht erfüllt,Mitarbeiter B,D45,BA-1003,"55,57","0,55","3,83","0,57","0,55","-0,17","0,81"
,100005,Artikel Epsilon,04.08.2026 17:13,nicht erfüllt,Mitarbeiter C,D45,BA-1003,"54,44","0,79","4,32","-0,56","0,79","0,32","1,02"
,100023,Artikel Psi,04.08.2026 20:37,erfüllt,Mitarbeiter A,D45,BA-1001,"54,98","-0,32","4,29","-0,02","-0,32","0,29","0,43"
,100002,Artikel Beta,04.08.2026 22:15,erfüllt,Mitarbeiter A,D45,BA-1004,"54,12","-0,09","3,7","-0,88","-0,09","-0,3","0,93"
,100019,Artikel Tau,05.08.2026 14:56,erfüllt,Mitarbeiter B,D45,BA-1004,"54,53","-0,01","4,19","-0,47","-0,01","0,19","0,51"
,100007,Artikel Eta,05.08.2026 19:37,erfüllt,Mitarbeiter C,D45,BA-1003,"54,87","-0,02","3,85","-0,13","-0,02","-0,15","0,2"
,100024,Artikel Omega,06.08.2026 03:31,erfüllt,Mitarbeiter C,D45,BA-1002,"54,18","0,17","3,88","-0,82","0,17","-0,12","0,85"
,100021,Artikel Phi,06.08.2026 16:32,nicht erfüllt,Mitarbeiter B,D45,BA-1004,"53,71","-0,52","4,27","-1,29","-0,52","0,27","1,42"
,100001,Artikel Alpha,07.08.2026 11:04,erfüllt,Mitarbeiter C,D45,BA-1004,"55,22","-0,06","3,79","0,22","-0,06","-0,21","0,31"
,100017,Artikel Rho,08.08.2026 13:09,erfüllt,Mitarbeiter D,D45,BA-1003,"54,17","-0,3","4,06","-0,83","-0,3","0,06","0,88"
,100004,Artikel Delta,08.08.2026 19:03,nicht erfüllt,Mitarbeiter B,D45,BA-1004,"53,09","-0,2","3,8","-1,91","-0,2","-0,2","1,93"
,100004,Artikel Delta,09.08.2026 00:53,nicht erfüllt,Mitarbeiter A,D45,BA-1001,"52,84","0,12","3,96","-2,16","0,12","-0,04","2,16"
,100011,Artikel Lambda,09.08.2026 04:06,erfüllt,Mitarbeiter C,D45,BA-1004,"54,28","-0,26","4,34","-0,72","-0,26","0,34","0,84"
,100003,Artikel Gamma,09.08.2026 04:38,erfüllt,Mitarbeiter D,D45,BA-1002,"54,04","0,12","3,93","-0,96","0,12","-0,07","0,97"
,100006,Artikel Zeta,09.08.2026 16:34,erfüllt,Mitarbeiter D,D45,BA-1002,"53,96","-0,2","3,9","-1,04","-0,2","-0,1","1,06"
,100020,Artikel Upsilon,10.08.2026 05:09,erfüllt,Mitarbeiter B,D45,BA-1002,"55,04","0,29","4,09","0,04","0,29","0,09","0,31"
,100012,Artikel Mu,10.08.2026 05:25,nicht erfüllt,Mitarbeiter A,D45,BA-1003,"54,59","-0,51","4,07","-0,41","-0,51","0,07","0,66"
,100019,Artikel Tau,10.08.2026 12:28,erfüllt,Mitarbeiter D,D45,BA-1003,"55,67","-0,28","4,04","0,67","-0,28","0,04","0,73"
,100016,Artikel Pi,11.08.2026 01:19,erfüllt,Mitarbeiter A,D45,BA-1001,"55,34","0,18","4,12","0,34","0,18","0,12","0,4"
,100011,Artikel Lambda,11.08.2026 07:56,erfüllt,Mitarbeiter B,D45,BA-1001,"54,2","0,15","3,96","-0,8","0,15","-0,04","0,81"
,100016,Artikel Pi,12.08.2026 01:50,erfüllt,Mitarbeiter A,D45,BA-1004,"54,16","0,1","4,32","-0,84","0,1","0,32","0,9"
,100002,Artikel Beta,12.08.2026 02:38,nicht erfüllt,Mitarbeiter B,D45,BA-1004,"56,97","-0,16","4,07","1,97","-0,16","0,07","1,98"
,100001,Artikel Alpha,13.08.2026 06:19,erfüllt,Mitarbeiter A,D45,BA-1003,"54,02","-0,19","3,97","-0,98","-0,19","-0,03",1
,100014,Artikel Xi,13.08.2026 22:16,erfüllt,Mitarbeiter D,D45,BA-1003,"55,39","-0,02","3,85","0,39","-0,02","-0,15","0,42"
,100012,Artikel Mu,14.08.2026 16:55,erfüllt,Mitarbeiter A,D45,BA-1001,"55,67","-0,07","3,74","0,67","-0,07","-0,26","0,72"
,100023,Artikel Psi,15.08.2026 00:02,erfüllt,Mitarbeiter B,D45,BA-1001,"55,19","0,02","4,15","0,19","0,02","0,15","0,24"
,100004,Artikel Delta,15.08.2026 02:33,erfüllt,Mitarbeiter B,D45,BA-1004,"55,08","0,23","4,03","0,08","0,23","0,03","0,25"
,100011,Artikel Lambda,15.08.2026 17:59,erfüllt,Mitarbeiter B,D45,BA-1004,"53,98","-0,21","3,92","-1,02","-0,21","-0,08","1,04"
,100014,Artikel Xi,16.08.2026 12:53,erfüllt,Mitarbeiter A,D45,BA-1003,"56,23","-0,25","4,01","1,23","-0,25","0,01","1,26"
,100001,Artikel Alpha,17.08.2026 06:25,erfüllt,Mitarbeiter A,D45,BA-1001,"54,82","0,06","4,03","-0,18","0,06","0,03","0,19"
,100021,Artikel Phi,18.08.2026 09:42,erfüllt,Mitarbeiter D,D45,BA-1004,"54,24","-0,02","3,69","-0,76","-0,02","-0,31","0,82"
,100010,Artikel Kappa,18.08.2026 21:38,erfüllt,Mitarbeiter B,D45,BA-1002,"55,75","0,22","3,71","0,75","0,22","-0,29","0,83"
,100016,Artikel Pi,19.08.2026 13:48,erfüllt,Mitarbeiter D,D45,BA-1003,"55,19","-0,28","3,68","0,19","-0,28","-0,32","0,47"
,100013,Artikel Nu,19.08.2026 23:56,erfüllt,Mitarbeiter A,D45,BA-1004,"54,21","0,17","4,25","-0,79","0,17","0,25","0,85"
,100013,Artikel Nu,20.08.2026 20:35,erfüllt,Mitarbeiter A,D45,BA-1003,"55,55","-0,24","3,73","0,55","-0,24","-0,27","0,66"
,100010,Artikel Kappa,20.08.2026 23:23,erfüllt,Mitarbeiter D,D45,BA-1004,"53,81","0,08","4,32","-1,19","0,08","0,32","1,23"
,100022,Artikel Chi,22.08.2026 07:13,erfüllt,Mitarbeiter A,D45,BA-1004,"54,94","-0,05","4,09","-0,06","-0,05","0,09","0,12"
,100006,Artikel Zeta,22.08.2026 09:32,erfüllt,Mitarbeiter D,D45,BA-1004,"53,93","-0,02","3,89","-1,07","-0,02","-0,11","1,08"
,100018,Artikel Sigma,22.08.2026 20:05,nicht erfüllt,Mitarbeiter B,D45,BA-1001,"54,52","0,12","4,56","-0,48","0,12","0,56","0,75"
,100013,Artikel Nu,24.08.2026 15:52,erfüllt,Mitarbeiter B,D45,BA-1001,"56,28","0,01","4,3","1,28","0,01","0,3","1,31"
,100010,Artikel Kappa,25.08.2026 03:20,erfüllt,Mitarbeiter A,D45,BA-1003,"55,13","-0,04","3,79","0,13","-0,04","-0,21","0,25"
,100025,Artikel Nova,25.08.2026 10:38,nicht erfüllt,Mitarbeiter C,D45,BA-1003,"54,52","-0,63","3,78","-0,48","-0,63","-0,22","0,82"
,100004,Artikel Delta,27.08.2026 09:25,erfüllt,Mitarbeiter B,D45,BA-1002,"53,81","0,23","3,93","-1,19","0,23","-0,07","1,21"
,100015,Artikel Omikron,28.08.2026 01:11,erfüllt,Mitarbeiter C,D45,BA-1004,"54,32","0,09","4,08","-0,68","0,09","0,08","0,69"
,100010,Artikel Kappa,29.08.2026 02:27,nicht erfüllt,Mitarbeiter C,D45,BA-1003,"53,43","-0,14","4,24","-1,57","-0,14","0,24","1,59"
,100021,Artikel Phi,29.08.2026 09:02,erfüllt,Mitarbeiter B,D45,BA-1001,"55,08",0,"3,79","0,08",0,"-0,21","0,22"
,100014,Artikel Xi,30.08.2026 08:40,erfüllt,Mitarbeiter B,D45,BA-1002,"55,22","-0,19","3,81","0,22","-0,19","-0,19","0,35"
,100003,Artikel Gamma,30.08.2026 19:07,erfüllt,Mitarbeiter B,D45,BA-1001,"56,03","0,21","4,26","1,03","0,21","0,26","1,08"
,100012,Artikel Mu,30.08.2026 19:40,nicht erfüllt,Mitarbeiter C,D45,BA-1002,"54,19","-0,7","3,69","-0,81","-0,7","-0,31","1,11"
,100018,Artikel Sigma,30.08.2026 21:34,erfüllt,Mitarbeiter C,D45,BA-1001,"55,76","0,21","4,27","0,76","0,21","0,27","0,83"
,100005,Artikel Epsilon,01.09.2026 06:47,erfüllt,Mitarbeiter A,D45,BA-1003,"55,44","-0,19","4,08","0,44","-0,19","0,08","0,49"
,100021,Artikel Phi,01.09.2026 10:31,erfüllt,Mitarbeiter B,D45,BA-1003,"54,09","0,12","3,89","-0,91","0,12","-0,11","0,92"
,100020,Artikel Upsilon,01.09.2026 20:19,nicht erfüllt,Mitarbeiter D,D45,BA-1004,"54,1","0,33","4,48","-0,9","0,33","0,48","1,07"
,100003,Artikel Gamma,02.09.2026 01:42,erfüllt,Mitarbeiter D,D45,BA-1001,"54,18","-0,25","3,79","-0,82","-0,25","-0,21","0,88"
,100025,Artikel Nova,02.09.2026 07:07,erfüllt,Mitarbeiter B,D45,BA-1004,"54,55","-0,01","3,69","-0,45","-0,01","-0,31","0,55"
,100020,Artikel Upsilon,02.09.2026 08:13,erfüllt,Mitarbeiter A,D45,BA-1003,"55,69","-0,2","3,7","0,69","-0,2","-0,3","0,78"
,100006,Artikel Zeta,02.09.2026 08:23,nicht erfüllt,Mitarbeiter A,D45,BA-1002,"56,71","0,21","3,66","1,71","0,21","-0,34","1,76"
,100024,Artikel Omega,02.09.2026 14:46,nicht erfüllt,Mitarbeiter B,D45,BA-1003,"52,77","-0,28","3,73","-2,23","-0,28","-0,27","2,26"
,100017,Artikel Rho,02.09.2026 15:38,erfüllt,Mitarbeiter A,D45,BA-1002,"55,39","-0,26","4,27","0,39","-0,26","0,27","0,54"
,100025,Artikel Nova,04.09.2026 01:03,nicht erfüllt,Mitarbeiter D,D45,BA-1001,"55,36","0,68","4,32","0,36","0,68","0,32","0,83"
,100002,Artikel Beta,04.09.2026 12:32,nicht erfüllt,Mitarbeiter D,D45,BA-1003,"54,24","-0,09","4,77","-0,76","-0,09","0,77","1,09"
,100023,Artikel Psi,04.09.2026 16:22,erfüllt,Mitarbeiter A,D45,BA-1002,"55,16","-0,13","4,3","0,16","-0,13","0,3","0,36"
,100020,Artikel Upsilon,04.09.2026 20:48,nicht erfüllt,Mitarbeiter A,D45,BA-1001,"56,27","-0,71","4,03","1,27","-0,71","0,03","1,46"
,100014,Artikel Xi,05.09.2026 20:24,erfüllt,Mitarbeiter C,D45,BA-1004,"55,15","-0,25","4,16","0,15","-0,25","0,16","0,33"
,100010,Artikel Kappa,06.09.2026 12:37,erfüllt,Mitarbeiter D,D45,BA-1004,"55,7","0,03","4,13","0,7","0,03","0,13","0,71"
,100018,Artikel Sigma,06.09.2026 19:59,erfüllt,Mitarbeiter D,D45,BA-1004,"55,34","0,13","3,72","0,34","0,13","-0,28","0,46"
,100022,Artikel Chi,06.09.2026 22:44,erfüllt,Mitarbeiter A,D45,BA-1004,"56,02","0,08","4,19","1,02","0,08","0,19","1,04"
,100003,Artikel Gamma,07.09.2026 07:47,erfüllt,Mitarbeiter D,D45,BA-1003,"54,03","-0,19","3,98","-0,97","-0,19","-0,02","0,99"
,100001,Artikel Alpha,07.09.2026 12:28,nicht erfüllt,Mitarbeiter D,D45,BA-1001,"55,18","0,33","4,78","0,18","0,33","0,78","0,87"
,100024,Artikel Omega,07.09.2026 14:16,erfüllt,Mitarbeiter A,D45,BA-1002,"53,87","-0,05","4,22","-1,13","-0,05","0,22","1,15"
,100016,Artikel Pi,09.09.2026 13:19,erfüllt,Mitarbeiter B,D45,BA-1004,"56,21","0,05","4,24","1,21","0,05","0,24","1,23"
,100014,Artikel Xi,09.09.2026 15:36,erfüllt,Mitarbeiter D,D45,BA-1003,"56,13","-0,33","4,05","1,13","-0,33","0,05","1,18"
,100008,Artikel Theta,10.09.2026 06:03,erfüllt,Mitarbeiter B,D45,BA-1001,"55,16","-0,11","3,92","0,16","-0,11","-0,08","0,21"
,100016,Artikel Pi,10.09.2026 07:18,erfüllt,Mitarbeiter C,D45,BA-1003,"55,95","0,06","4,19","0,95","0,06","0,19","0,97"
,100002,Artikel Beta,10.09.2026 17:01,erfüllt,Mitarbeiter C,D45,BA-1001,"55,09","0,08","3,75","0,09","0,08","-0,25","0,28"
,100007,Artikel Eta,10.09.2026 17:40,erfüllt,Mitarbeiter D,D45,BA-1002,"54,92","-0,29","3,87","-0,08","-0,29","-0,13","0,33"
,100020,Artikel Upsilon,10.09.2026 22:05,erfüllt,Mitarbeiter A,D45,BA-1001,"55,38","0,08","4,04","0,38","0,08","0,04","0,39"
,100017,Artikel Rho,11.09.2026 12:33,erfüllt,Mitarbeiter B,D45,BA-1004,"56,1","-0,21","4,14","1,1","-0,21","0,14","1,13"
,100024,Artikel Omega,11.09.2026 19:09,erfüllt,Mitarbeiter B,D45,BA-1002,"54,64","0,08","4,02","-0,36","0,08","0,02","0,37"